Прибор: ;Hydra-L (02); ; Интервал: ;2024-03-25 00:00:00; / ;2024-03-25 23:45:00;
Date;weather_temp;weather_pressure;weather_humidity;
2024-03-25 00:00:34;25.92;732.6;23.52;
2024-03-25 00:01:34;25.92;732.63;23.52;
2024-03-25 00:02:34;25.9;732.65;23.54;
2024-03-25 00:03:34;25.91;732.63;23.53;
2024-03-25 00:04:34;25.9;732.6;23.53;
2024-03-25 00:05:35;25.92;732.6;23.52;
2024-03-25 00:06:34;25.9;732.56;23.53;
2024-03-25 00:07:35;25.9;732.53;23.53;
2024-03-25 00:08:35;25.89;732.53;23.55;
2024-03-25 00:09:36;25.92;732.53;23.52;
2024-03-25 00:10:36;25.91;732.55;23.52;
2024-03-25 00:11:35;25.91;732.54;23.52;
2024-03-25 00:12:35;25.91;732.51;23.52;
2024-03-25 00:13:37;25.91;732.52;23.52;
2024-03-25 00:14:36;25.91;732.53;23.53;
2024-03-25 00:15:36;25.91;732.55;23.53;
2024-03-25 00:16:35;25.9;732.55;23.54;
2024-03-25 00:17:35;25.89;732.56;23.55;
2024-03-25 00:18:35;25.89;732.59;23.55;
2024-03-25 00:19:35;25.89;732.59;23.55;
2024-03-25 00:20:35;25.9;732.61;23.55;
2024-03-25 00:21:35;25.9;732.6;23.54;
2024-03-25 00:22:35;25.91;732.6;23.53;
2024-03-25 00:23:35;25.9;732.62;23.54;
2024-03-25 00:24:35;25.9;732.53;23.54;
2024-03-25 00:25:35;25.9;732.49;23.53;
2024-03-25 00:26:35;25.92;732.45;23.53;
2024-03-25 00:27:36;25.9;732.39;23.54;
2024-03-25 00:28:36;25.9;732.36;23.54;
2024-03-25 00:29:36;25.89;732.37;23.55;
2024-03-25 00:30:36;25.9;732.4;23.55;
2024-03-25 00:31:36;25.89;732.4;23.54;
2024-03-25 00:32:36;25.92;732.42;23.53;
2024-03-25 00:33:36;25.9;732.46;23.55;
2024-03-25 00:34:36;25.9;732.47;23.56;
2024-03-25 00:35:37;25.92;732.48;23.54;
2024-03-25 00:36:37;25.91;732.44;23.54;
2024-03-25 00:37:38;25.91;732.46;23.54;
2024-03-25 00:38:38;25.89;732.49;23.57;
2024-03-25 00:39:38;25.89;732.53;23.56;
2024-03-25 00:40:37;25.91;732.49;23.54;
2024-03-25 00:41:37;25.9;732.48;23.55;
2024-03-25 00:42:37;25.91;732.46;23.54;
2024-03-25 00:43:38;25.91;732.42;23.54;
2024-03-25 00:44:37;25.92;732.41;23.54;
2024-03-25 00:45:37;25.91;732.4;23.54;
2024-03-25 00:46:37;25.91;732.35;23.55;
2024-03-25 00:47:37;25.91;732.33;23.54;
2024-03-25 00:48:37;25.9;732.29;23.55;
2024-03-25 00:49:37;25.9;732.27;23.54;
2024-03-25 00:50:37;25.91;732.3;23.55;
2024-03-25 00:51:37;25.9;732.31;23.55;
2024-03-25 00:52:37;25.9;732.3;23.55;
2024-03-25 00:53:37;25.9;732.33;23.55;
2024-03-25 00:54:38;25.91;732.34;23.54;
2024-03-25 00:55:37;25.9;732.36;23.55;
2024-03-25 00:56:37;25.91;732.37;23.55;
2024-03-25 00:57:37;25.92;732.41;23.54;
2024-03-25 00:58:38;25.91;732.4;23.54;
2024-03-25 00:59:38;25.91;732.37;23.54;
2024-03-25 01:00:38;25.9;732.39;23.55;
2024-03-25 01:01:38;25.9;732.39;23.55;
2024-03-25 01:02:39;25.9;732.33;23.55;
2024-03-25 01:03:38;25.93;732.29;23.54;
2024-03-25 01:04:38;25.9;732.29;23.56;
2024-03-25 01:05:38;25.91;732.29;23.55;
2024-03-25 01:06:38;25.91;732.27;23.55;
2024-03-25 01:07:38;25.89;732.3;23.57;
2024-03-25 01:08:38;25.9;732.27;23.55;
2024-03-25 01:09:38;25.9;732.28;23.55;
2024-03-25 01:10:38;25.88;732.24;23.57;
2024-03-25 01:11:39;25.89;732.27;23.57;
2024-03-25 01:12:38;25.92;732.26;23.56;
2024-03-25 01:13:39;25.9;732.24;23.56;
2024-03-25 01:14:39;25.9;732.27;23.56;
2024-03-25 01:15:38;25.89;732.2;23.58;
2024-03-25 01:16:39;25.89;732.22;23.57;
2024-03-25 01:17:39;25.9;732.26;23.56;
2024-03-25 01:18:39;25.9;732.31;23.56;
2024-03-25 01:19:39;25.86;732.37;23.62;
2024-03-25 01:20:39;25.89;732.38;23.6;
2024-03-25 01:21:39;25.88;732.38;23.6;
2024-03-25 01:22:39;25.89;732.42;23.58;
2024-03-25 01:23:39;25.89;732.47;23.58;
2024-03-25 01:24:39;25.89;732.47;23.6;
2024-03-25 01:25:39;25.89;732.5;23.6;
2024-03-25 01:26:41;25.9;732.53;23.57;
2024-03-25 01:27:39;25.9;732.47;23.58;
2024-03-25 01:28:39;25.91;732.53;23.56;
2024-03-25 01:29:40;25.91;732.53;23.57;
2024-03-25 01:30:39;25.9;732.5;23.57;
2024-03-25 01:31:40;25.91;732.51;23.56;
2024-03-25 01:32:40;25.91;732.56;23.57;
2024-03-25 01:33:40;25.9;732.54;23.58;
2024-03-25 01:34:40;25.9;732.57;23.57;
2024-03-25 01:35:40;25.9;732.56;23.58;
2024-03-25 01:36:40;25.9;732.6;23.58;
2024-03-25 01:37:40;25.9;732.59;23.57;
2024-03-25 01:38:40;25.9;732.59;23.57;
2024-03-25 01:39:41;25.91;732.56;23.57;
2024-03-25 01:40:40;25.9;732.58;23.58;
2024-03-25 01:41:40;25.91;732.59;23.58;
2024-03-25 01:42:41;25.91;732.59;23.58;
2024-03-25 01:43:41;25.91;732.59;23.6;
2024-03-25 01:44:42;25.9;732.53;23.58;
2024-03-25 01:45:41;25.89;732.58;23.61;
2024-03-25 01:46:42;25.89;732.57;23.61;
2024-03-25 01:47:41;25.93;732.61;23.6;
2024-03-25 01:48:41;25.9;732.63;23.6;
2024-03-25 01:49:42;25.9;732.67;23.6;
2024-03-25 01:50:41;25.9;732.69;23.6;
2024-03-25 01:51:44;25.9;732.67;23.61;
2024-03-25 01:52:42;25.89;732.64;23.62;
2024-03-25 01:53:41;25.89;732.64;23.63;
2024-03-25 01:54:44;25.9;732.62;23.61;
2024-03-25 01:55:43;25.91;732.66;23.62;
2024-03-25 01:56:41;25.89;732.63;23.62;
2024-03-25 01:57:41;25.89;732.64;23.63;
2024-03-25 01:58:41;25.88;732.62;23.63;
2024-03-25 01:59:41;25.91;732.64;23.61;
2024-03-25 02:00:42;25.92;732.66;23.61;
2024-03-25 02:01:42;25.9;732.63;23.62;
2024-03-25 02:02:42;25.89;732.61;23.63;
2024-03-25 02:03:42;25.89;732.6;23.62;
2024-03-25 02:04:42;25.89;732.61;23.62;
2024-03-25 02:05:42;25.89;732.61;23.62;
2024-03-25 02:06:42;25.89;732.65;23.63;
2024-03-25 02:07:42;25.88;732.64;23.63;
2024-03-25 02:08:42;25.89;732.63;23.64;
2024-03-25 02:09:42;25.89;732.61;23.63;
2024-03-25 02:10:43;25.89;732.6;23.63;
2024-03-25 02:11:43;25.92;732.59;23.62;
2024-03-25 02:12:42;25.91;732.63;23.63;
2024-03-25 02:13:42;25.89;732.65;23.65;
2024-03-25 02:14:42;25.89;732.61;23.63;
2024-03-25 02:15:43;25.86;732.64;23.68;
2024-03-25 02:16:43;25.88;732.67;23.68;
2024-03-25 02:17:43;25.88;732.67;23.65;
2024-03-25 02:18:43;25.89;732.66;23.64;
2024-03-25 02:19:43;25.89;732.65;23.64;
2024-03-25 02:20:43;25.91;732.66;23.63;
2024-03-25 02:21:43;25.9;732.66;23.63;
2024-03-25 02:22:43;25.9;732.64;23.63;
2024-03-25 02:23:43;25.89;732.6;23.64;
2024-03-25 02:24:43;25.9;732.65;23.63;
2024-03-25 02:25:43;25.9;732.68;23.64;
2024-03-25 02:26:43;25.89;732.7;23.65;
2024-03-25 02:27:44;25.89;732.71;23.67;
2024-03-25 02:28:44;25.88;732.71;23.65;
2024-03-25 02:29:44;25.89;732.72;23.64;
2024-03-25 02:30:44;25.89;732.76;23.64;
2024-03-25 02:31:44;25.89;732.8;23.64;
2024-03-25 02:32:44;25.9;732.83;23.64;
2024-03-25 02:33:44;25.89;732.83;23.65;
2024-03-25 02:34:44;25.9;732.88;23.63;
2024-03-25 02:35:44;25.9;732.88;23.63;
2024-03-25 02:36:44;25.9;732.91;23.64;
2024-03-25 02:37:44;25.89;732.98;23.65;
2024-03-25 02:38:44;25.89;732.99;23.65;
2024-03-25 02:39:44;25.9;733.04;23.64;
2024-03-25 02:40:45;25.89;733.11;23.64;
2024-03-25 02:41:45;25.89;733.11;23.64;
2024-03-25 02:42:45;25.89;733.13;23.63;
2024-03-25 02:43:45;25.89;733.19;23.65;
2024-03-25 02:44:45;25.9;733.23;23.65;
2024-03-25 02:45:45;25.9;733.26;23.64;
2024-03-25 02:46:45;25.89;733.25;23.64;
2024-03-25 02:47:45;25.88;733.24;23.64;
2024-03-25 02:48:45;25.9;733.24;23.63;
2024-03-25 02:49:45;25.89;733.28;23.64;
2024-03-25 02:50:45;25.89;733.35;23.63;
2024-03-25 02:51:45;25.9;733.37;23.63;
2024-03-25 02:52:46;25.86;733.34;23.66;
2024-03-25 02:53:45;25.87;733.35;23.67;
2024-03-25 02:54:46;25.88;733.34;23.62;
2024-03-25 02:55:45;25.87;733.38;23.64;
2024-03-25 02:56:46;25.88;733.42;23.62;
2024-03-25 02:57:45;25.89;733.43;23.61;
2024-03-25 02:58:45;25.86;733.43;23.63;
2024-03-25 02:59:46;25.88;733.4;23.61;
2024-03-25 03:00:46;25.87;733.41;23.62;
2024-03-25 03:01:46;25.87;733.43;23.62;
2024-03-25 03:02:46;25.87;733.46;23.58;
2024-03-25 03:03:46;25.84;733.43;23.61;
2024-03-25 03:04:46;25.87;733.53;23.58;
2024-03-25 03:05:46;25.86;733.53;23.61;
2024-03-25 03:06:46;25.88;733.58;23.55;
2024-03-25 03:07:46;25.86;733.5;23.56;
2024-03-25 03:08:46;25.87;733.57;23.53;
2024-03-25 03:09:47;25.87;733.62;23.55;
2024-03-25 03:10:47;25.88;733.64;23.51;
2024-03-25 03:11:47;25.87;733.67;23.5;
2024-03-25 03:12:47;25.88;733.66;23.49;
2024-03-25 03:13:47;25.88;733.7;23.48;
2024-03-25 03:14:47;25.88;733.72;23.5;
2024-03-25 03:15:47;25.89;733.72;23.45;
2024-03-25 03:16:48;25.88;733.74;23.47;
2024-03-25 03:17:47;25.92;733.76;23.39;
2024-03-25 03:18:47;25.89;733.8;23.4;
2024-03-25 03:19:48;25.89;733.78;23.38;
2024-03-25 03:20:47;25.92;733.79;23.37;
2024-03-25 03:21:47;25.9;733.81;23.34;
2024-03-25 03:22:48;25.89;733.8;23.33;
2024-03-25 03:23:47;25.89;733.84;23.32;
2024-03-25 03:24:47;25.88;733.84;23.32;
2024-03-25 03:25:47;25.89;733.85;23.32;
2024-03-25 03:26:47;25.89;733.89;23.31;
2024-03-25 03:27:48;25.88;733.91;23.29;
2024-03-25 03:28:49;25.88;733.94;23.3;
2024-03-25 03:29:48;25.89;733.96;23.29;
2024-03-25 03:30:49;25.88;733.94;23.25;
2024-03-25 03:31:50;25.91;733.94;23.23;
2024-03-25 03:32:48;25.88;734;23.28;
2024-03-25 03:33:49;25.88;733.95;23.27;
2024-03-25 03:34:49;25.89;733.95;23.26;
2024-03-25 03:35:48;25.88;733.99;23.25;
2024-03-25 03:36:48;25.88;734.01;23.25;
2024-03-25 03:37:50;25.88;733.93;23.26;
2024-03-25 03:38:49;25.88;733.92;23.24;
2024-03-25 03:39:49;25.87;733.96;23.19;
2024-03-25 03:40:51;25.88;733.99;23.21;
2024-03-25 03:41:49;25.87;733.97;23.18;
2024-03-25 03:42:48;25.87;734.02;23.17;
2024-03-25 03:43:49;25.88;734.04;23.17;
2024-03-25 03:44:50;25.87;734;23.17;
2024-03-25 03:45:48;25.87;734.06;23.18;
2024-03-25 03:46:49;25.85;734.08;23.13;
2024-03-25 03:47:49;25.86;734.13;23.11;
2024-03-25 03:48:49;25.87;734.13;23.17;
2024-03-25 03:49:49;25.87;734.12;23.12;
2024-03-25 03:50:49;25.88;734.15;23.1;
2024-03-25 03:51:49;25.87;734.18;23.08;
2024-03-25 03:52:49;25.88;734.18;23.07;
2024-03-25 03:53:49;25.85;734.14;23.05;
2024-03-25 03:54:51;25.86;734.19;23.06;
2024-03-25 03:55:51;25.86;734.14;23.04;
2024-03-25 03:56:50;25.88;734.2;23;
2024-03-25 03:57:50;25.85;734.23;23.05;
2024-03-25 03:58:50;25.87;734.24;23.03;
2024-03-25 03:59:50;25.87;734.25;22.97;
2024-03-25 04:00:51;25.87;734.29;22.99;
2024-03-25 04:01:50;25.85;734.29;22.98;
2024-03-25 04:02:50;25.85;734.33;22.97;
2024-03-25 04:03:50;25.86;734.29;22.94;
2024-03-25 04:04:50;25.86;734.29;22.94;
2024-03-25 04:05:50;25.85;734.33;23.01;
2024-03-25 04:06:50;25.85;734.31;22.92;
2024-03-25 04:07:50;25.87;734.39;22.94;
2024-03-25 04:08:50;25.86;734.35;22.92;
2024-03-25 04:09:50;25.87;734.33;22.88;
2024-03-25 04:10:50;25.85;734.38;22.93;
2024-03-25 04:11:50;25.86;734.34;22.92;
2024-03-25 04:12:50;25.86;734.37;22.86;
2024-03-25 04:13:50;25.87;734.44;22.84;
2024-03-25 04:14:50;25.86;734.33;22.87;
2024-03-25 04:15:50;25.86;734.42;22.85;
2024-03-25 04:16:51;25.86;734.45;22.89;
2024-03-25 04:17:51;25.86;734.44;22.86;
2024-03-25 04:18:51;25.86;734.44;22.84;
2024-03-25 04:19:52;25.87;734.49;22.84;
2024-03-25 04:20:51;25.86;734.48;22.83;
2024-03-25 04:21:54;25.86;734.52;22.82;
2024-03-25 04:22:55;25.86;734.52;22.82;
2024-03-25 04:23:51;25.86;734.57;22.82;
2024-03-25 04:24:52;25.86;734.5;22.8;
2024-03-25 04:25:52;25.85;734.53;22.78;
2024-03-25 04:26:51;25.85;734.57;22.78;
2024-03-25 04:27:51;25.83;734.58;22.78;
2024-03-25 04:28:51;25.85;734.62;22.77;
2024-03-25 04:29:51;25.83;734.65;22.75;
2024-03-25 04:30:51;25.84;734.69;22.7;
2024-03-25 04:31:51;25.83;734.69;22.74;
2024-03-25 04:32:51;25.83;734.67;22.66;
2024-03-25 04:33:51;25.83;734.65;22.67;
2024-03-25 04:34:52;25.82;734.68;22.65;
2024-03-25 04:35:52;25.82;734.66;22.65;
2024-03-25 04:36:52;25.82;734.66;22.72;
2024-03-25 04:37:52;25.81;734.67;22.69;
2024-03-25 04:38:52;25.82;734.65;22.7;
2024-03-25 04:39:52;25.82;734.67;22.65;
2024-03-25 04:40:52;25.81;734.63;22.7;
2024-03-25 04:41:56;25.82;734.58;22.63;
2024-03-25 04:42:52;25.81;734.62;22.69;
2024-03-25 04:43:52;25.81;734.62;22.64;
2024-03-25 04:44:52;25.83;734.56;22.58;
2024-03-25 04:45:54;25.81;734.59;22.67;
2024-03-25 04:46:57;25.83;734.59;22.61;
2024-03-25 04:47:53;25.82;734.6;22.62;
2024-03-25 04:48:54;25.82;734.67;22.65;
2024-03-25 04:49:55;25.85;734.66;22.63;
2024-03-25 04:50:56;25.82;734.66;22.61;
2024-03-25 04:51:57;25.82;734.65;22.57;
2024-03-25 04:52:53;25.82;734.7;22.58;
2024-03-25 04:53:53;25.82;734.72;22.57;
2024-03-25 04:54:53;25.81;734.71;22.6;
2024-03-25 04:55:53;25.81;734.74;22.63;
2024-03-25 04:56:53;25.83;734.73;22.62;
2024-03-25 04:57:53;25.82;734.79;22.58;
2024-03-25 04:58:53;25.81;734.8;22.59;
2024-03-25 04:59:53;25.81;734.74;22.66;
2024-03-25 05:00:53;25.82;734.74;22.57;
2024-03-25 05:01:53;25.83;734.79;22.58;
2024-03-25 05:02:53;25.81;734.79;22.53;
2024-03-25 05:03:54;25.83;734.78;22.55;
2024-03-25 05:04:53;25.82;734.8;22.56;
2024-03-25 05:05:53;25.82;734.85;22.56;
2024-03-25 05:06:54;25.83;734.94;22.54;
2024-03-25 05:07:54;25.83;734.91;22.49;
2024-03-25 05:08:54;25.82;734.91;22.54;
2024-03-25 05:09:54;25.83;734.86;22.51;
2024-03-25 05:10:56;25.83;734.91;22.52;
2024-03-25 05:11:54;25.83;734.87;22.51;
2024-03-25 05:12:54;25.82;734.93;22.52;
2024-03-25 05:13:55;25.82;734.96;22.54;
2024-03-25 05:14:58;25.82;734.91;22.54;
2024-03-25 05:15:57;25.83;734.92;22.54;
2024-03-25 05:16:54;25.83;734.9;22.51;
2024-03-25 05:17:54;25.83;734.95;22.5;
2024-03-25 05:18:54;25.83;734.98;22.49;
2024-03-25 05:19:55;25.82;735.05;22.52;
2024-03-25 05:20:55;25.82;735.05;22.5;
2024-03-25 05:21:55;25.82;734.97;22.44;
2024-03-25 05:22:55;25.82;734.99;22.44;
2024-03-25 05:23:55;25.81;735;22.43;
2024-03-25 05:24:55;25.81;735;22.48;
2024-03-25 05:25:55;25.82;735.02;22.4;
2024-03-25 05:26:55;25.81;735.05;22.41;
2024-03-25 05:27:55;25.81;735.08;22.46;
2024-03-25 05:28:55;25.82;735.07;22.43;
2024-03-25 05:29:55;25.81;735.12;22.46;
2024-03-25 05:30:55;25.81;735.16;22.46;
2024-03-25 05:31:55;25.82;735.18;22.42;
2024-03-25 05:32:56;25.81;735.18;22.46;
2024-03-25 05:33:56;25.82;735.18;22.42;
2024-03-25 05:34:58;25.82;735.21;22.4;
2024-03-25 05:35:56;25.83;735.2;22.33;
2024-03-25 05:36:58;25.81;735.19;22.36;
2024-03-25 05:37:56;25.82;735.26;22.36;
2024-03-25 05:38:58;25.81;735.22;22.36;
2024-03-25 05:39:58;25.81;735.2;22.38;
2024-03-25 05:40:58;25.83;735.21;22.37;
2024-03-25 05:41:56;25.81;735.19;22.3;
2024-03-25 05:42:57;25.82;735.25;22.35;
2024-03-25 05:43:57;25.82;735.25;22.3;
2024-03-25 05:44:57;25.82;735.29;22.31;
2024-03-25 05:45:57;25.82;735.31;22.34;
2024-03-25 05:46:57;25.82;735.34;22.29;
2024-03-25 05:47:57;25.8;735.35;22.29;
2024-03-25 05:48:57;25.81;735.36;22.35;
2024-03-25 05:49:57;25.81;735.34;22.27;
2024-03-25 05:50:57;25.81;735.32;22.29;
2024-03-25 05:51:57;25.81;735.35;22.27;
2024-03-25 05:52:57;25.81;735.35;22.26;
2024-03-25 05:53:57;25.81;735.34;22.27;
2024-03-25 05:54:57;25.8;735.37;22.33;
2024-03-25 05:55:58;25.81;735.4;22.26;
2024-03-25 05:56:58;25.82;735.41;22.29;
2024-03-25 05:57:58;25.81;735.44;22.24;
2024-03-25 05:58:58;25.81;735.45;22.23;
2024-03-25 05:59:59;25.8;735.46;22.25;
2024-03-25 06:00:59;25.81;735.52;22.26;
2024-03-25 06:02:00;25.82;735.56;22.28;
2024-03-25 06:02:58;25.8;735.55;22.25;
2024-03-25 06:03:58;25.8;735.57;22.29;
2024-03-25 06:05:02;25.8;735.62;22.29;
2024-03-25 06:05:59;25.81;735.67;22.27;
2024-03-25 06:06:58;25.81;735.63;22.27;
2024-03-25 06:07:58;25.81;735.66;22.27;
2024-03-25 06:08:58;25.8;735.64;22.25;
2024-03-25 06:09:58;25.8;735.71;22.24;
2024-03-25 06:10:59;25.8;735.71;22.27;
2024-03-25 06:11:59;25.8;735.74;22.27;
2024-03-25 06:12:59;25.8;735.76;22.27;
2024-03-25 06:13:59;25.8;735.77;22.13;
2024-03-25 06:14:59;25.81;735.76;22.19;
2024-03-25 06:15:59;25.82;735.76;22.14;
2024-03-25 06:17:00;25.81;735.77;22.16;
2024-03-25 06:17:59;25.8;735.79;22.21;
2024-03-25 06:18:59;25.78;735.81;22.18;
2024-03-25 06:19:59;25.8;735.84;22.2;
2024-03-25 06:20:59;25.81;735.85;22.19;
2024-03-25 06:21:59;25.8;735.81;22.21;
2024-03-25 06:22:59;25.8;735.82;22.2;
2024-03-25 06:23:59;25.8;735.83;22.21;
2024-03-25 06:24:59;25.8;735.84;22.15;
2024-03-25 06:26:00;25.78;735.88;22.23;
2024-03-25 06:27:00;25.8;735.9;22.22;
2024-03-25 06:28:00;25.79;735.92;22.18;
2024-03-25 06:29:01;25.79;735.9;22.18;
2024-03-25 06:30:01;25.8;735.87;22.14;
2024-03-25 06:31:00;25.82;735.87;22.17;
2024-03-25 06:32:00;25.78;735.9;22.14;
2024-03-25 06:33:00;25.79;735.89;22.16;
2024-03-25 06:34:00;25.8;735.97;22.15;
2024-03-25 06:35:00;25.8;735.94;22.13;
2024-03-25 06:36:00;25.81;735.95;22.12;
2024-03-25 06:37:00;25.8;735.96;22.12;
2024-03-25 06:38:01;25.8;735.94;22.15;
2024-03-25 06:39:01;25.79;735.94;22.13;
2024-03-25 06:40:01;25.8;735.99;22.1;
2024-03-25 06:41:01;25.8;735.99;22.13;
2024-03-25 06:42:01;25.8;735.98;22.1;
2024-03-25 06:43:01;25.8;735.98;22.12;
2024-03-25 06:44:02;25.79;736.03;22.09;
2024-03-25 06:45:04;25.79;736.06;22.14;
2024-03-25 06:46:03;25.8;736.05;22.07;
2024-03-25 06:47:01;25.79;736.05;22.06;
2024-03-25 06:48:01;25.79;736.11;22.13;
2024-03-25 06:49:01;25.8;736.08;22.1;
2024-03-25 06:50:03;25.8;736.1;22.13;
2024-03-25 06:51:01;25.82;736.12;22.02;
2024-03-25 06:52:01;25.8;736.12;22.08;
2024-03-25 06:53:02;25.8;736.12;22.1;
2024-03-25 06:54:02;25.8;736.16;22.09;
2024-03-25 06:55:03;25.79;736.13;22.09;
2024-03-25 06:56:02;25.8;736.16;22.06;
2024-03-25 06:57:02;25.81;736.17;22.08;
2024-03-25 06:58:02;25.79;736.14;22.07;
2024-03-25 06:59:02;25.78;736.17;22.07;
2024-03-25 07:00:04;25.78;736.2;22.06;
2024-03-25 07:01:02;25.79;736.24;22.06;
2024-03-25 07:02:02;25.79;736.22;22.03;
2024-03-25 07:03:02;25.77;736.24;22.04;
2024-03-25 07:04:02;25.78;736.26;22.02;
2024-03-25 07:05:09;25.77;736.29;22.01;
2024-03-25 07:06:03;25.76;736.31;21.95;
2024-03-25 07:07:03;25.78;736.32;21.96;
2024-03-25 07:08:03;25.76;736.33;21.94;
2024-03-25 07:09:03;25.75;736.33;21.96;
2024-03-25 07:10:05;25.76;736.33;22;
2024-03-25 07:11:03;25.76;736.35;21.99;
2024-03-25 07:12:05;25.77;736.38;21.97;
2024-03-25 07:13:06;25.77;736.35;21.95;
2024-03-25 07:14:05;25.76;736.36;22.01;
2024-03-25 07:15:03;25.76;736.36;21.95;
2024-03-25 07:16:03;25.76;736.34;21.99;
2024-03-25 07:17:03;25.78;736.41;21.95;
2024-03-25 07:18:03;25.77;736.4;21.99;
2024-03-25 07:19:03;25.78;736.41;21.92;
2024-03-25 07:20:04;25.76;736.37;21.93;
2024-03-25 07:21:04;25.77;736.41;21.95;
2024-03-25 07:22:04;25.78;736.43;21.87;
2024-03-25 07:23:04;25.76;736.47;21.93;
2024-03-25 07:24:04;25.77;736.44;21.93;
2024-03-25 07:25:04;25.78;736.48;21.91;
2024-03-25 07:26:04;25.78;736.45;21.91;
2024-03-25 07:27:04;25.78;736.46;21.89;
2024-03-25 07:28:04;25.79;736.5;21.89;
2024-03-25 07:29:04;25.79;736.49;21.91;
2024-03-25 07:30:05;25.78;736.48;21.91;
2024-03-25 07:31:05;25.79;736.5;21.93;
2024-03-25 07:32:04;25.78;736.5;21.94;
2024-03-25 07:33:05;25.8;736.52;21.93;
2024-03-25 07:34:04;25.8;736.56;21.94;
2024-03-25 07:35:07;25.8;736.56;21.93;
2024-03-25 07:36:05;25.8;736.55;21.93;
2024-03-25 07:37:05;25.78;736.57;21.98;
2024-03-25 07:38:05;25.8;736.61;21.92;
2024-03-25 07:39:05;25.8;736.6;21.93;
2024-03-25 07:40:05;25.79;736.64;21.92;
2024-03-25 07:41:05;25.78;736.62;21.91;
2024-03-25 07:42:23;25.79;736.6;21.91;
2024-03-25 07:45:18;25.78;736.6;21.93;
2024-03-25 07:45:47;25.78;736.62;21.91;
2024-03-25 07:46:32;25.79;736.62;21.92;
2024-03-25 07:47:00;25.79;736.68;21.91;
2024-03-25 07:47:54;25.8;736.68;21.91;
2024-03-25 07:48:35;25.79;736.71;21.91;
2024-03-25 07:49:24;25.79;736.73;21.91;
2024-03-25 07:50:11;25.79;736.74;21.92;
2024-03-25 07:51:05;25.79;736.75;21.91;
2024-03-25 07:52:05;25.78;736.74;21.91;
2024-03-25 07:53:06;25.79;736.79;21.91;
2024-03-25 07:54:06;25.79;736.84;21.91;
2024-03-25 07:55:07;25.79;736.82;21.89;
2024-03-25 07:56:06;25.79;736.87;21.88;
2024-03-25 07:57:06;25.79;736.86;21.86;
2024-03-25 07:58:06;25.77;736.9;21.84;
2024-03-25 07:59:06;25.77;736.91;21.84;
2024-03-25 08:00:07;25.76;736.93;21.86;
2024-03-25 08:01:06;25.78;736.92;21.87;
2024-03-25 08:02:06;25.78;736.93;21.86;
2024-03-25 08:03:06;25.78;736.95;21.85;
2024-03-25 08:04:06;25.78;736.97;21.85;
2024-03-25 08:05:09;25.77;737;21.85;
2024-03-25 08:06:06;25.78;737;21.84;
2024-03-25 08:07:06;25.79;737.07;21.85;
2024-03-25 08:08:07;25.77;737.03;21.8;
2024-03-25 08:09:06;25.78;737.04;21.82;
2024-03-25 08:10:08;25.78;737.08;21.82;
2024-03-25 08:11:07;25.78;737.09;21.81;
2024-03-25 08:12:07;25.77;737.1;21.82;
2024-03-25 08:13:07;25.77;737.15;21.78;
2024-03-25 08:14:07;25.77;737.16;21.77;
2024-03-25 08:15:07;25.77;737.16;21.78;
2024-03-25 08:16:07;25.78;737.23;21.74;
2024-03-25 08:17:07;25.78;737.21;21.74;
2024-03-25 08:18:07;25.76;737.2;21.74;
2024-03-25 08:19:07;25.76;737.21;21.73;
2024-03-25 08:20:08;25.76;737.24;21.67;
2024-03-25 08:21:07;25.76;737.23;21.74;
2024-03-25 08:22:07;25.77;737.27;21.72;
2024-03-25 08:23:07;25.76;737.27;21.63;
2024-03-25 08:24:07;25.75;737.28;21.7;
2024-03-25 08:25:08;25.73;737.27;21.61;
2024-03-25 08:26:08;25.74;737.24;21.71;
2024-03-25 08:27:08;25.75;737.25;21.68;
2024-03-25 08:28:08;25.75;737.27;21.67;
2024-03-25 08:29:08;25.76;737.29;21.67;
2024-03-25 08:30:09;25.76;737.27;21.58;
2024-03-25 08:31:09;25.77;737.31;21.6;
2024-03-25 08:32:08;25.77;737.31;21.65;
2024-03-25 08:33:09;25.76;737.34;21.63;
2024-03-25 08:34:09;25.77;737.36;21.59;
2024-03-25 08:35:10;25.76;737.44;21.65;
2024-03-25 08:36:08;25.77;737.41;21.6;
2024-03-25 08:37:09;25.78;737.44;21.52;
2024-03-25 08:38:08;25.77;737.4;21.56;
2024-03-25 08:39:09;25.78;737.45;21.54;
2024-03-25 08:40:09;25.78;737.48;21.56;
2024-03-25 08:41:09;25.77;737.54;21.57;
2024-03-25 08:42:09;25.78;737.49;21.54;
2024-03-25 08:43:09;25.77;737.49;21.53;
2024-03-25 08:44:09;25.77;737.5;21.56;
2024-03-25 08:45:09;25.77;737.52;21.56;
2024-03-25 08:46:10;25.78;737.51;21.57;
2024-03-25 08:47:09;25.78;737.53;21.5;
2024-03-25 08:48:09;25.77;737.53;21.58;
2024-03-25 08:49:09;25.78;737.53;21.53;
2024-03-25 08:50:11;25.78;737.56;21.53;
2024-03-25 08:51:09;25.77;737.56;21.59;
2024-03-25 08:52:09;25.78;737.59;21.66;
2024-03-25 08:53:10;25.75;737.61;21.68;
2024-03-25 08:54:10;25.78;737.63;21.68;
2024-03-25 08:55:10;25.75;737.63;21.7;
2024-03-25 08:56:10;25.8;737.64;21.91;
2024-03-25 08:57:10;25.8;737.63;21.85;
2024-03-25 08:58:11;25.81;737.58;21.84;
2024-03-25 08:59:11;25.82;737.61;21.9;
2024-03-25 09:00:13;25.84;737.61;22.06;
2024-03-25 09:01:13;25.88;737.66;21.79;
2024-03-25 09:02:10;25.88;737.67;21.81;
2024-03-25 09:03:10;25.9;737.69;21.75;
2024-03-25 09:04:10;25.89;737.71;21.76;
2024-03-25 09:05:10;25.93;737.71;21.74;
2024-03-25 09:06:10;25.92;737.7;21.75;
2024-03-25 09:07:10;25.93;737.72;21.74;
2024-03-25 09:08:11;25.95;737.73;21.7;
2024-03-25 09:09:11;25.97;737.75;21.61;
2024-03-25 09:10:12;25.98;737.73;21.6;
2024-03-25 09:11:11;25.97;737.72;21.69;
2024-03-25 09:12:11;26;737.74;21.63;
2024-03-25 09:13:11;26.03;737.76;21.55;
2024-03-25 09:14:11;26.01;737.83;21.6;
2024-03-25 09:15:12;26.02;737.81;21.64;
2024-03-25 09:16:11;26.05;737.82;21.5;
2024-03-25 09:17:11;26.05;737.84;21.55;
2024-03-25 09:18:11;26.06;737.84;21.56;
2024-03-25 09:19:11;26.06;737.85;21.55;
2024-03-25 09:20:14;26.08;737.87;21.52;
2024-03-25 09:21:11;26.09;737.87;21.51;
2024-03-25 09:22:12;26.1;737.89;21.53;
2024-03-25 09:23:14;26.11;737.93;21.47;
2024-03-25 09:24:15;26.12;737.96;21.49;
2024-03-25 09:25:12;26.14;737.98;21.45;
2024-03-25 09:26:12;26.13;737.98;21.48;
2024-03-25 09:27:12;26.14;738.01;21.48;
2024-03-25 09:28:12;26.17;738.02;21.44;
2024-03-25 09:29:12;26.16;738.01;21.44;
2024-03-25 09:30:12;26.16;738.04;21.41;
2024-03-25 09:31:12;26.17;738.03;21.46;
2024-03-25 09:32:12;26.18;738.07;21.39;
2024-03-25 09:33:12;26.17;738.1;21.38;
2024-03-25 09:34:12;26.17;738.07;21.35;
2024-03-25 09:35:13;26.19;738.11;21.4;
2024-03-25 09:36:12;26.2;738.12;21.39;
2024-03-25 09:37:12;26.2;738.14;21.36;
2024-03-25 09:38:12;26.19;738.15;21.39;
2024-03-25 09:39:13;26.17;738.17;21.41;
2024-03-25 09:40:15;26.19;738.15;21.36;
2024-03-25 09:41:13;26.2;738.2;21.38;
2024-03-25 09:42:13;26.2;738.22;21.37;
2024-03-25 09:43:13;26.21;738.19;21.36;
2024-03-25 09:44:13;26.2;738.22;21.37;
2024-03-25 09:45:15;26.18;738.23;21.41;
2024-03-25 09:46:13;26.2;738.24;21.38;
2024-03-25 09:47:13;26.2;738.27;21.38;
2024-03-25 09:48:13;26.19;738.27;21.4;
2024-03-25 09:49:13;26.19;738.29;21.44;
2024-03-25 09:50:18;26.22;738.31;21.4;
2024-03-25 09:51:13;26.18;738.32;21.47;
2024-03-25 09:52:13;26.22;738.29;21.46;
2024-03-25 09:53:13;26.21;738.31;21.46;
2024-03-25 09:54:13;26.2;738.31;21.53;
2024-03-25 09:55:14;26.22;738.32;21.43;
2024-03-25 09:56:13;26.24;738.35;21.49;
2024-03-25 09:57:13;26.22;738.33;21.53;
2024-03-25 09:58:13;26.23;738.34;21.47;
2024-03-25 09:59:14;26.23;738.36;21.5;
2024-03-25 10:00:15;26.23;738.35;21.49;
2024-03-25 10:01:14;26.22;738.36;21.43;
2024-03-25 10:02:14;26.22;738.37;21.45;
2024-03-25 10:03:14;26.24;738.39;21.47;
2024-03-25 10:04:14;26.25;738.36;21.46;
2024-03-25 10:05:17;26.24;738.4;21.46;
2024-03-25 10:06:14;26.24;738.48;21.51;
2024-03-25 10:07:14;26.24;738.44;21.51;
2024-03-25 10:08:14;26.23;738.48;21.49;
2024-03-25 10:09:15;26.24;738.46;21.5;
2024-03-25 10:10:16;26.25;738.49;21.51;
2024-03-25 10:11:15;26.25;738.52;21.51;
2024-03-25 10:12:15;26.25;738.52;21.53;
2024-03-25 10:13:15;26.23;738.49;21.54;
2024-03-25 10:14:17;26.25;738.53;21.52;
2024-03-25 10:15:20;26.19;738.54;21.86;
2024-03-25 10:16:15;26.2;738.57;21.59;
2024-03-25 10:17:15;26.19;738.6;21.63;
2024-03-25 10:18:18;26.21;738.57;21.62;
2024-03-25 10:19:15;26.17;738.59;21.68;
2024-03-25 10:20:15;26.21;738.58;21.64;
2024-03-25 10:21:15;26.21;738.58;21.69;
2024-03-25 10:22:15;26.21;738.6;21.71;
2024-03-25 10:23:16;26.21;738.62;22.1;
2024-03-25 10:24:16;26.17;738.62;21.79;
2024-03-25 10:25:16;26.19;738.64;21.86;
2024-03-25 10:26:16;26.19;738.65;22.27;
2024-03-25 10:27:16;26.22;738.61;22.53;
2024-03-25 10:28:16;26.22;738.63;22.24;
2024-03-25 10:29:16;26.23;738.65;21.97;
2024-03-25 10:30:17;26.24;738.65;21.96;
2024-03-25 10:31:16;26.25;738.67;22;
2024-03-25 10:32:16;26.21;738.66;22.03;
2024-03-25 10:33:16;26.22;738.69;22;
2024-03-25 10:34:16;26.22;738.72;21.97;
2024-03-25 10:35:17;26.21;738.7;21.97;
2024-03-25 10:36:16;26.21;738.7;21.97;
2024-03-25 10:37:16;26.23;738.71;22;
2024-03-25 10:38:16;26.21;738.72;22.08;
2024-03-25 10:39:17;26.22;738.72;22.04;
2024-03-25 10:40:17;26.21;738.79;22.01;
2024-03-25 10:41:17;26.24;738.79;22.01;
2024-03-25 10:42:17;26.23;738.76;22.04;
2024-03-25 10:43:17;26.22;738.76;22.04;
2024-03-25 10:44:17;26.23;738.82;22.07;
2024-03-25 10:45:17;26.22;738.79;22.11;
2024-03-25 10:46:17;26.24;738.76;22.09;
2024-03-25 10:47:17;26.25;738.81;22.02;
2024-03-25 10:48:17;26.24;738.82;22.08;
2024-03-25 10:49:17;26.26;738.81;22.12;
2024-03-25 10:50:17;26.26;738.81;22.04;
2024-03-25 10:51:18;26.26;738.83;22.03;
2024-03-25 10:52:18;26.27;738.89;21.96;
2024-03-25 10:53:18;26.25;738.86;22.04;
2024-03-25 10:54:17;26.24;738.89;22.02;
2024-03-25 10:55:18;26.26;738.87;22;
2024-03-25 10:56:18;26.27;738.91;21.94;
2024-03-25 10:57:18;26.26;738.95;21.96;
2024-03-25 10:58:18;26.27;738.93;21.95;
2024-03-25 10:59:19;26.28;738.93;21.94;
2024-03-25 11:00:18;26.26;738.98;22.01;
2024-03-25 11:01:18;26.28;738.95;21.99;
2024-03-25 11:02:18;26.27;739.01;22;
2024-03-25 11:03:18;26.26;738.98;21.99;
2024-03-25 11:04:18;26.29;739;21.98;
2024-03-25 11:05:18;26.27;738.99;21.98;
2024-03-25 11:06:18;26.28;739.01;21.96;
2024-03-25 11:07:19;26.27;739.04;21.99;
2024-03-25 11:08:19;26.27;739.05;21.99;
2024-03-25 11:09:20;26.28;739.03;21.96;
2024-03-25 11:10:20;26.31;739.07;21.94;
2024-03-25 11:11:19;26.29;739.05;21.95;
2024-03-25 11:12:19;26.28;739.06;21.93;
2024-03-25 11:13:19;26.28;739.06;21.93;
2024-03-25 11:14:19;26.29;739.08;21.92;
2024-03-25 11:15:21;26.28;739.09;21.93;
2024-03-25 11:16:19;26.27;739.06;21.93;
2024-03-25 11:17:19;26.29;739.08;21.91;
2024-03-25 11:18:19;26.29;739.07;21.9;
2024-03-25 11:19:19;26.27;739.06;21.92;
2024-03-25 11:20:21;26.27;739.08;21.91;
2024-03-25 11:21:19;26.28;739.06;21.85;
2024-03-25 11:22:21;26.28;739.07;21.83;
2024-03-25 11:23:20;26.28;739.06;21.85;
2024-03-25 11:24:21;26.28;739.1;21.8;
2024-03-25 11:25:20;26.28;739.08;21.83;
2024-03-25 11:26:19;26.26;739.1;21.84;
2024-03-25 11:27:19;26.25;739.09;21.87;
2024-03-25 11:28:19;26.27;739.08;21.8;
2024-03-25 11:29:19;26.24;739.08;21.85;
2024-03-25 11:30:19;26.24;739.07;21.81;
2024-03-25 11:31:19;26.23;739.06;21.83;
2024-03-25 11:32:20;26.26;739.07;21.74;
2024-03-25 11:33:20;26.27;739.11;21.77;
2024-03-25 11:34:20;26.26;739.08;21.77;
2024-03-25 11:35:22;26.26;739.09;21.79;
2024-03-25 11:36:20;26.24;739.12;21.78;
2024-03-25 11:37:20;26.26;739.1;21.77;
2024-03-25 11:38:20;26.26;739.11;21.78;
2024-03-25 11:39:21;26.26;739.13;21.75;
2024-03-25 11:40:22;26.27;739.15;21.75;
2024-03-25 11:41:20;26.28;739.12;21.77;
2024-03-25 11:42:20;26.28;739.14;21.81;
2024-03-25 11:43:21;26.29;739.1;21.72;
2024-03-25 11:44:20;26.3;739.15;21.78;
2024-03-25 11:45:22;26.3;739.13;21.76;
2024-03-25 11:46:21;26.31;739.2;21.75;
2024-03-25 11:47:21;26.32;739.18;21.79;
2024-03-25 11:48:21;26.31;739.18;21.77;
2024-03-25 11:49:21;26.31;739.19;21.79;
2024-03-25 11:50:21;26.32;739.22;21.76;
2024-03-25 11:51:21;26.31;739.21;21.79;
2024-03-25 11:52:21;26.32;739.21;21.78;
2024-03-25 11:53:21;26.32;739.25;21.78;
2024-03-25 11:54:21;26.32;739.22;21.78;
2024-03-25 11:55:23;26.3;739.24;21.79;
2024-03-25 11:56:21;26.34;739.26;21.75;
2024-03-25 11:57:21;26.3;739.23;21.74;
2024-03-25 11:58:23;26.33;739.21;21.71;
2024-03-25 11:59:21;26.31;739.22;21.76;
2024-03-25 12:00:22;26.32;739.24;21.65;
2024-03-25 12:01:21;26.31;739.26;21.69;
2024-03-25 12:02:22;26.32;739.28;21.69;
2024-03-25 12:03:22;26.33;739.26;21.75;
2024-03-25 12:04:22;26.35;739.26;21.71;
2024-03-25 12:05:22;26.35;739.28;21.74;
2024-03-25 12:06:24;26.33;739.29;21.76;
2024-03-25 12:07:24;26.32;739.25;21.78;
2024-03-25 12:08:23;26.31;739.3;21.77;
2024-03-25 12:09:22;26.34;739.31;21.78;
2024-03-25 12:10:22;26.32;739.31;21.77;
2024-03-25 12:11:23;26.3;739.33;21.77;
2024-03-25 12:12:23;26.31;739.33;21.76;
2024-03-25 12:13:23;26.32;739.37;21.73;
2024-03-25 12:14:23;26.32;739.36;21.73;
2024-03-25 12:15:23;26.28;739.37;21.9;
2024-03-25 12:16:23;26.33;739.41;21.89;
2024-03-25 12:17:23;26.33;739.38;21.86;
2024-03-25 12:18:23;26.32;739.4;21.87;
2024-03-25 12:19:23;26.31;739.43;21.85;
2024-03-25 12:20:23;26.31;739.41;21.86;
2024-03-25 12:21:23;26.32;739.38;21.86;
2024-03-25 12:22:23;26.3;739.38;21.88;
2024-03-25 12:23:24;26.33;739.36;21.9;
2024-03-25 12:24:24;26.35;739.37;21.91;
2024-03-25 12:25:24;26.33;739.4;21.87;
2024-03-25 12:26:24;26.34;739.39;21.9;
2024-03-25 12:27:23;26.34;739.37;21.85;
2024-03-25 12:28:23;26.35;739.39;21.92;
2024-03-25 12:29:24;26.35;739.42;21.95;
2024-03-25 12:30:25;26.35;739.4;21.92;
2024-03-25 12:31:24;26.36;739.44;21.95;
2024-03-25 12:32:25;26.36;739.44;21.95;
2024-03-25 12:33:25;26.35;739.45;21.89;
2024-03-25 12:34:26;26.36;739.47;21.93;
2024-03-25 12:35:25;26.35;739.51;21.91;
2024-03-25 12:36:24;26.36;739.52;21.91;
2024-03-25 12:37:24;26.36;739.53;21.9;
2024-03-25 12:38:24;26.37;739.54;21.9;
2024-03-25 12:39:24;26.37;739.54;21.91;
2024-03-25 12:40:26;26.38;739.55;21.92;
2024-03-25 12:41:24;26.38;739.55;21.89;
2024-03-25 12:42:24;26.39;739.57;21.9;
2024-03-25 12:43:24;26.37;739.55;21.9;
2024-03-25 12:44:24;26.37;739.58;21.91;
2024-03-25 12:45:24;26.38;739.56;21.9;
2024-03-25 12:46:24;26.4;739.58;21.85;
2024-03-25 12:47:24;26.39;739.58;21.9;
2024-03-25 12:48:24;26.37;739.58;21.92;
2024-03-25 12:49:25;26.4;739.6;21.89;
2024-03-25 12:50:33;26.41;739.6;21.9;
2024-03-25 12:51:25;26.38;739.61;21.92;
2024-03-25 12:52:25;26.39;739.6;21.92;
2024-03-25 12:53:26;26.38;739.59;21.9;
2024-03-25 12:54:43;26.41;739.62;21.91;
2024-03-25 12:55:26;26.36;739.62;22.16;
2024-03-25 12:56:26;26.39;739.65;21.9;
2024-03-25 12:57:27;26.39;739.61;21.91;
2024-03-25 12:58:27;26.4;739.61;21.88;
2024-03-25 12:59:28;26.38;739.62;21.95;
2024-03-25 13:00:26;26.37;739.61;21.92;
2024-03-25 13:01:26;26.4;739.65;21.9;
2024-03-25 13:03:26;26.4;739.61;21.96;
2024-03-25 13:05:28;26.41;739.63;22.02;
2024-03-25 13:06:26;26.37;739.6;22.05;
2024-03-25 13:07:34;26.37;739.65;22.07;
2024-03-25 13:08:26;26.38;739.63;22.09;
2024-03-25 13:09:26;26.39;739.68;22.05;
2024-03-25 13:10:26;26.39;739.67;22.02;
2024-03-25 13:11:26;26.38;739.65;22.05;
2024-03-25 13:12:26;26.39;739.62;22;
2024-03-25 13:15:27;26.37;739.64;22.04;
2024-03-25 13:16:27;26.37;739.65;22.04;
2024-03-25 13:17:29;26.38;739.62;22;
2024-03-25 13:18:27;26.36;739.62;21.99;
2024-03-25 13:19:27;26.37;739.61;22.03;
2024-03-25 13:20:29;26.41;739.61;21.97;
2024-03-25 13:21:27;26.39;739.62;21.96;
2024-03-25 13:22:27;26.39;739.63;22.03;
2024-03-25 13:23:27;26.39;739.61;22;
2024-03-25 13:24:27;26.42;739.63;21.94;
2024-03-25 13:25:27;26.39;739.63;21.97;
2024-03-25 13:26:27;26.4;739.64;21.94;
2024-03-25 13:27:28;26.37;739.65;21.97;
2024-03-25 13:28:27;26.39;739.68;21.95;
2024-03-25 13:29:27;26.4;739.66;21.92;
2024-03-25 13:30:28;26.41;739.66;21.92;
2024-03-25 13:31:28;26.44;739.66;21.93;
2024-03-25 13:32:29;26.42;739.64;21.95;
2024-03-25 13:33:30;26.41;739.63;21.94;
2024-03-25 13:34:29;26.39;739.65;21.94;
2024-03-25 13:35:28;26.42;739.66;21.91;
2024-03-25 13:36:31;26.4;739.65;21.92;
2024-03-25 13:37:46;26.42;739.68;21.91;
2024-03-25 13:38:28;26.43;739.7;21.89;
2024-03-25 13:39:28;26.43;739.7;21.91;
2024-03-25 13:40:28;26.4;739.67;21.91;
2024-03-25 13:41:28;26.41;739.68;21.9;
2024-03-25 13:42:28;26.4;739.7;21.9;
2024-03-25 13:43:28;26.4;739.7;21.89;
2024-03-25 13:44:29;26.4;739.72;21.88;
2024-03-25 13:45:28;26.43;739.72;21.88;
2024-03-25 13:46:28;26.38;739.72;21.9;
2024-03-25 13:47:31;26.41;739.72;21.88;
2024-03-25 13:48:28;26.41;739.73;21.87;
2024-03-25 13:49:28;26.41;739.7;21.85;
2024-03-25 13:50:29;26.41;739.72;21.85;
2024-03-25 13:51:28;26.41;739.7;21.84;
2024-03-25 13:52:31;26.41;739.73;21.82;
2024-03-25 13:53:28;26.41;739.73;21.81;
2024-03-25 13:54:29;26.39;739.71;21.84;
2024-03-25 13:55:29;26.38;739.74;21.84;
2024-03-25 13:56:29;26.39;739.72;21.76;
2024-03-25 13:57:29;26.38;739.72;21.79;
2024-03-25 13:58:29;26.41;739.73;21.77;
2024-03-25 13:59:29;26.4;739.75;21.8;
2024-03-25 14:00:29;26.4;739.75;21.8;
2024-03-25 14:01:29;26.42;739.76;21.77;
2024-03-25 14:02:29;26.41;739.73;21.8;
2024-03-25 14:03:29;26.41;739.71;21.81;
2024-03-25 14:04:30;26.37;739.74;21.83;
2024-03-25 14:05:30;26.42;739.74;21.8;
2024-03-25 14:06:30;26.4;739.74;21.78;
2024-03-25 14:07:30;26.38;739.73;21.82;
2024-03-25 14:08:30;26.39;739.72;21.8;
2024-03-25 14:09:31;26.39;739.74;21.78;
2024-03-25 14:10:30;26.44;739.74;21.77;
2024-03-25 14:11:30;26.39;739.76;21.74;
2024-03-25 14:12:31;26.42;739.76;21.77;
2024-03-25 14:13:31;26.42;739.71;21.79;
2024-03-25 14:14:30;26.45;739.73;21.81;
2024-03-25 14:15:30;26.44;739.76;21.79;
2024-03-25 14:16:30;26.43;739.71;21.75;
2024-03-25 14:17:30;26.43;739.71;21.79;
2024-03-25 14:18:30;26.42;739.73;21.79;
2024-03-25 14:19:31;26.43;739.71;21.8;
2024-03-25 14:20:31;26.4;739.75;21.82;
2024-03-25 14:21:31;26.43;739.75;21.8;
2024-03-25 14:22:31;26.44;739.78;21.81;
2024-03-25 14:23:30;26.47;739.76;21.75;
2024-03-25 14:24:31;26.44;739.76;21.79;
2024-03-25 14:25:31;26.46;739.77;21.79;
2024-03-25 14:26:31;26.46;739.78;21.76;
2024-03-25 14:27:31;26.44;739.78;21.88;
2024-03-25 14:28:31;26.45;739.83;21.87;
2024-03-25 14:29:32;26.44;739.83;21.84;
2024-03-25 14:30:31;26.47;739.81;21.82;
2024-03-25 14:31:33;26.45;739.79;21.75;
2024-03-25 14:32:31;26.46;739.82;21.76;
2024-03-25 14:33:32;26.45;739.8;21.82;
2024-03-25 14:34:32;26.46;739.82;21.75;
2024-03-25 14:35:32;26.47;739.8;21.78;
2024-03-25 14:36:31;26.46;739.82;21.78;
2024-03-25 14:37:31;26.46;739.82;21.83;
2024-03-25 14:38:34;26.47;739.84;21.83;
2024-03-25 14:39:32;26.47;739.88;21.87;
2024-03-25 14:40:31;26.47;739.86;21.87;
2024-03-25 14:41:32;26.47;739.85;21.88;
2024-03-25 14:42:32;26.48;739.87;21.88;
2024-03-25 14:43:35;26.47;739.9;21.88;
2024-03-25 14:44:34;26.48;739.88;21.92;
2024-03-25 14:45:32;26.46;739.87;21.92;
2024-03-25 14:46:32;26.43;739.86;21.94;
2024-03-25 14:47:32;26.43;739.85;21.96;
2024-03-25 14:48:32;26.45;739.88;21.93;
2024-03-25 14:49:32;26.45;739.87;21.9;
2024-03-25 14:50:34;26.44;739.88;21.91;
2024-03-25 14:51:32;26.46;739.86;21.88;
2024-03-25 14:52:32;26.46;739.91;21.88;
2024-03-25 14:53:32;26.43;739.9;21.93;
2024-03-25 14:54:33;26.45;739.86;21.87;
2024-03-25 14:55:33;26.44;739.9;21.89;
2024-03-25 14:56:33;26.42;739.92;21.89;
2024-03-25 14:57:33;26.44;739.91;21.88;
2024-03-25 14:58:35;26.44;739.93;21.84;
2024-03-25 14:59:33;26.44;739.9;21.83;
2024-03-25 15:00:35;26.44;739.94;21.83;
2024-03-25 15:01:34;26.44;739.92;21.83;
2024-03-25 15:02:33;26.46;739.91;21.79;
2024-03-25 15:03:33;26.46;739.93;21.8;
2024-03-25 15:04:33;26.47;739.94;21.79;
2024-03-25 15:05:40;26.46;739.93;21.8;
2024-03-25 15:06:36;26.44;739.96;21.8;
2024-03-25 15:07:33;26.45;739.98;21.75;
2024-03-25 15:08:34;26.45;739.95;21.75;
2024-03-25 15:09:34;26.44;739.96;21.74;
2024-03-25 15:10:34;26.45;739.95;21.73;
2024-03-25 15:11:36;26.44;739.98;21.71;
2024-03-25 15:12:34;26.44;739.98;21.69;
2024-03-25 15:13:34;26.44;739.99;21.68;
2024-03-25 15:14:34;26.45;739.95;21.67;
2024-03-25 15:15:45;26.45;739.98;21.69;
2024-03-25 15:16:34;26.47;739.97;21.68;
2024-03-25 15:17:37;26.43;740.01;21.67;
2024-03-25 15:18:36;26.46;740;21.67;
2024-03-25 15:19:34;26.46;739.94;21.66;
2024-03-25 15:20:34;26.45;739.94;21.66;
2024-03-25 15:21:37;26.46;739.94;21.61;
2024-03-25 15:22:36;26.46;739.97;21.6;
2024-03-25 15:23:35;26.46;739.97;21.57;
2024-03-25 15:24:51;26.45;739.97;21.58;
2024-03-25 15:25:35;26.46;739.98;21.55;
2024-03-25 15:26:37;26.47;740.02;21.54;
2024-03-25 15:27:35;26.46;740;21.53;
2024-03-25 15:28:35;26.44;740.04;21.54;
2024-03-25 15:29:36;26.46;740.04;21.5;
2024-03-25 15:30:37;26.48;740.04;21.5;
2024-03-25 15:31:37;26.47;740.07;21.49;
2024-03-25 15:32:35;26.45;740.08;21.5;
2024-03-25 15:33:36;26.46;740.08;21.48;
2024-03-25 15:34:39;26.46;740.09;21.44;
2024-03-25 15:35:38;26.47;740.08;21.43;
2024-03-25 15:36:44;26.45;740.09;21.4;
2024-03-25 15:37:36;26.46;740.08;21.42;
2024-03-25 15:38:36;26.44;740.1;21.4;
2024-03-25 15:39:36;26.46;740.11;21.36;
2024-03-25 15:40:36;26.45;740.11;21.4;
2024-03-25 15:41:36;26.44;740.13;21.4;
2024-03-25 15:42:38;26.45;740.11;21.36;
2024-03-25 15:43:36;26.42;740.14;21.39;
2024-03-25 15:44:39;26.42;740.14;21.34;
2024-03-25 15:45:43;26.43;740.15;21.37;
2024-03-25 15:46:36;26.43;740.17;21.37;
2024-03-25 15:47:37;26.41;740.14;21.37;
2024-03-25 15:48:36;26.4;740.13;21.38;
2024-03-25 15:49:37;26.42;740.13;21.33;
2024-03-25 15:50:37;26.44;740.13;21.29;
2024-03-25 15:51:37;26.42;740.13;21.35;
2024-03-25 15:52:37;26.41;740.13;21.32;
2024-03-25 15:53:37;26.43;740.11;21.27;
2024-03-25 15:54:38;26.42;740.11;21.34;
2024-03-25 15:55:37;26.43;740.13;21.23;
2024-03-25 15:56:37;26.43;740.16;21.25;
2024-03-25 15:57:38;26.43;740.14;21.24;
2024-03-25 15:58:37;26.43;740.13;21.24;
2024-03-25 15:59:39;26.43;740.12;21.24;
2024-03-25 16:00:38;26.45;740.11;21.18;
2024-03-25 16:01:38;26.43;740.1;21.18;
2024-03-25 16:02:38;26.42;740.12;21.17;
2024-03-25 16:03:41;26.42;740.1;21.24;
2024-03-25 16:04:39;26.42;740.14;21.26;
2024-03-25 16:05:38;26.42;740.14;21.25;
2024-03-25 16:06:39;26.39;740.12;21.26;
2024-03-25 16:07:39;26.42;740.11;21.27;
2024-03-25 16:08:39;26.4;740.12;21.27;
2024-03-25 16:09:42;26.41;740.09;21.27;
2024-03-25 16:10:40;26.42;740.09;21.25;
2024-03-25 16:11:41;26.41;740.06;21.24;
2024-03-25 16:12:39;26.42;740.09;21.23;
2024-03-25 16:13:39;26.39;740.09;21.26;
2024-03-25 16:14:39;26.39;740.07;21.25;
2024-03-25 16:15:41;26.4;740.07;21.23;
2024-03-25 16:16:39;26.41;740.09;21.24;
2024-03-25 16:17:40;26.42;740.08;21.23;
2024-03-25 16:18:39;26.44;740.07;21.22;
2024-03-25 16:19:39;26.42;740.09;21.2;
2024-03-25 16:20:39;26.41;740.1;21.23;
2024-03-25 16:21:39;26.41;740.09;21.23;
2024-03-25 16:22:39;26.39;740.09;22.26;
2024-03-25 16:23:39;26.41;740.11;21.83;
2024-03-25 16:24:42;26.41;740.1;24.33;
2024-03-25 16:25:40;26.41;740.12;25.61;
2024-03-25 16:26:39;26.39;740.14;25.88;
2024-03-25 16:27:39;26.38;740.12;25.39;
2024-03-25 16:28:39;26.4;740.15;25.44;
2024-03-25 16:29:51;26.39;740.16;25.58;
2024-03-25 16:31:40;26.39;740.15;26.03;
2024-03-25 16:32:41;26.41;740.12;26.57;
2024-03-25 16:33:40;26.4;740.13;27.35;
2024-03-25 16:34:40;26.39;740.13;26.98;
2024-03-25 16:35:40;26.38;740.19;27.4;
2024-03-25 16:36:40;26.38;740.15;27.09;
2024-03-25 16:38:40;26.4;740.16;26.61;
2024-03-25 16:39:42;26.41;740.14;26.84;
2024-03-25 16:40:40;26.4;740.15;26.68;
2024-03-25 16:42:43;26.42;740.15;26.65;
2024-03-25 16:46:41;26.37;740.16;26.13;
2024-03-25 16:47:43;26.39;740.15;26.09;
2024-03-25 16:48:41;26.41;740.16;26.15;
2024-03-25 16:49:43;26.42;740.16;26.09;
2024-03-25 16:50:41;26.41;740.13;26.13;
2024-03-25 16:51:43;26.44;740.16;26.13;
2024-03-25 16:52:41;26.43;740.16;26.01;
2024-03-25 16:53:43;26.45;740.15;25.99;
2024-03-25 16:54:46;26.47;740.17;25.93;
2024-03-25 16:55:42;26.45;740.16;25.96;
2024-03-25 16:56:41;26.44;740.17;25.9;
2024-03-25 16:57:42;26.43;740.13;25.93;
2024-03-25 16:58:41;26.45;740.14;25.89;
2024-03-25 16:59:41;26.46;740.12;25.82;
2024-03-25 17:00:41;26.46;740.14;25.74;
2024-03-25 17:01:41;26.46;740.16;25.75;
2024-03-25 17:02:41;26.45;740.18;25.75;
2024-03-25 17:03:42;26.46;740.14;25.72;
2024-03-25 17:04:42;26.47;740.19;25.65;
2024-03-25 17:05:42;26.46;740.17;25.63;
2024-03-25 17:06:44;26.47;740.21;25.55;
2024-03-25 17:07:54;26.47;740.2;25.53;
2024-03-25 17:08:42;26.46;740.23;25.52;
2024-03-25 17:09:51;26.45;740.2;25.5;
2024-03-25 17:10:42;26.46;740.21;25.49;
2024-03-25 17:11:42;26.45;740.18;25.45;
2024-03-25 17:12:42;26.46;740.2;25.39;
2024-03-25 17:13:42;26.45;740.21;25.35;
2024-03-25 17:14:43;26.46;740.21;25.3;
2024-03-25 17:17:43;26.46;740.2;25.17;
2024-03-25 17:18:43;26.46;740.2;25.09;
2024-03-25 17:19:43;26.44;740.21;25.14;
2024-03-25 17:20:43;26.47;740.23;25.02;
2024-03-25 17:21:43;26.47;740.23;25.08;
2024-03-25 17:22:43;26.45;740.21;25;
2024-03-25 17:23:43;26.44;740.25;25.04;
2024-03-25 17:24:43;26.45;740.25;25;
2024-03-25 17:25:43;26.44;740.25;24.99;
2024-03-25 17:26:49;26.44;740.26;24.94;
2024-03-25 17:27:43;26.41;740.27;24.84;
2024-03-25 17:28:43;26.42;740.28;24.83;
2024-03-25 17:29:44;26.43;740.26;24.89;
2024-03-25 17:30:46;26.42;740.28;24.87;
2024-03-25 17:31:46;26.41;740.28;24.82;
2024-03-25 17:32:45;26.42;740.28;24.83;
2024-03-25 17:33:43;26.44;740.31;24.78;
2024-03-25 17:34:44;26.43;740.29;24.78;
2024-03-25 17:35:44;26.44;740.27;24.73;
2024-03-25 17:36:44;26.43;740.28;24.75;
2024-03-25 17:37:44;26.43;740.26;24.71;
2024-03-25 17:39:44;26.43;740.26;24.68;
2024-03-25 17:40:44;26.45;740.29;24.67;
2024-03-25 17:41:44;26.45;740.27;24.63;
2024-03-25 17:42:48;26.45;740.28;24.63;
2024-03-25 17:43:44;26.45;740.28;24.6;
2024-03-25 17:44:47;26.46;740.33;24.56;
2024-03-25 17:45:44;26.47;740.33;24.56;
2024-03-25 17:46:44;26.45;740.33;24.54;
2024-03-25 17:47:47;26.47;740.35;24.5;
2024-03-25 17:48:44;26.46;740.36;24.5;
2024-03-25 17:49:46;26.46;740.35;24.5;
2024-03-25 17:51:02;26.47;740.39;24.44;
2024-03-25 17:54:50;26.45;740.37;24.4;
2024-03-25 17:56:44;26.47;740.38;24.32;
2024-03-25 17:57:44;26.46;740.41;24.32;
2024-03-25 17:58:44;26.45;740.39;24.3;
2024-03-25 18:01:45;26.46;740.37;24.24;
2024-03-25 18:04:48;26.46;740.39;24.18;
2024-03-25 18:05:45;26.47;740.39;24.14;
2024-03-25 18:06:45;26.47;740.42;24.13;
2024-03-25 18:12:04;26.45;740.46;24.02;
2024-03-25 18:12:45;26.44;740.47;23.99;
2024-03-25 18:13:46;26.44;740.45;24.02;
2024-03-25 18:15:51;26.44;740.46;23.96;
2024-03-25 18:18:46;26.46;740.47;23.87;
2024-03-25 18:19:46;26.44;740.47;23.89;
2024-03-25 18:22:46;26.4;740.48;23.89;
2024-03-25 18:23:46;26.41;740.52;23.88;
2024-03-25 18:27:46;26.44;740.51;23.85;
2024-03-25 18:28:46;26.43;740.51;23.8;
2024-03-25 18:30:46;26.43;740.57;23.81;
2024-03-25 18:31:46;26.44;740.54;23.78;
2024-03-25 18:32:50;26.42;740.56;23.79;
2024-03-25 18:33:55;26.48;740.56;23.74;
2024-03-25 18:34:47;26.47;740.58;23.72;
2024-03-25 18:35:47;26.45;740.59;23.72;
2024-03-25 18:39:47;26.47;740.61;23.7;
2024-03-25 18:40:52;26.46;740.62;23.66;
2024-03-25 18:41:50;26.46;740.65;23.66;
2024-03-25 18:42:50;26.48;740.65;23.65;
2024-03-25 18:44:54;26.46;740.7;23.61;
2024-03-25 18:45:50;26.46;740.7;23.61;
2024-03-25 18:47:48;26.46;740.73;23.58;
2024-03-25 18:48:49;26.47;740.71;23.56;
2024-03-25 18:50:49;26.49;740.76;23.52;
2024-03-25 18:51:50;26.5;740.75;23.49;
2024-03-25 18:52:50;26.46;740.73;23.51;
2024-03-25 18:53:49;26.47;740.73;23.49;
2024-03-25 18:54:48;26.48;740.72;23.45;
2024-03-25 18:55:48;26.49;740.76;23.45;
2024-03-25 19:00:07;26.49;740.81;23.42;
2024-03-25 19:00:51;26.5;740.8;23.4;
2024-03-25 19:01:48;26.48;740.84;23.39;
2024-03-25 19:02:48;26.46;740.82;23.39;
2024-03-25 19:03:49;26.47;740.83;23.38;
2024-03-25 19:04:48;26.47;740.85;23.37;
2024-03-25 19:05:49;26.49;740.86;23.34;
2024-03-25 19:06:49;26.46;740.85;23.38;
2024-03-25 19:07:49;26.47;740.86;23.37;
2024-03-25 19:08:49;26.47;740.87;23.35;
2024-03-25 19:09:49;26.48;740.9;23.36;
2024-03-25 19:10:49;26.45;740.89;23.36;
2024-03-25 19:11:51;26.44;740.89;23.37;
2024-03-25 19:12:49;26.47;740.88;23.36;
2024-03-25 19:13:49;26.46;740.91;23.36;
2024-03-25 19:14:49;26.5;740.93;23.33;
2024-03-25 19:15:52;26.46;740.92;23.33;
2024-03-25 19:16:53;26.46;740.97;23.32;
2024-03-25 19:19:49;26.46;740.97;23.28;
2024-03-25 19:20:49;26.45;740.99;23.26;
2024-03-25 19:21:55;26.46;741;23.22;
2024-03-25 19:22:49;26.45;740.99;23.28;
2024-03-25 19:26:02;26.45;741.01;23.22;
2024-03-25 19:26:52;26.45;741.05;23.23;
2024-03-25 19:27:50;26.45;741.02;23.22;
2024-03-25 19:28:50;26.46;741.05;23.21;
2024-03-25 19:29:53;26.46;741.14;23.2;
2024-03-25 19:31:08;26.47;741.09;23.21;
2024-03-25 19:32:52;26.46;741.07;23.21;
2024-03-25 19:33:54;26.44;741.09;23.23;
2024-03-25 19:35:50;26.47;741.08;23.18;
2024-03-25 19:37:55;26.44;741.09;23.18;
2024-03-25 19:38:56;26.44;741.08;23.19;
2024-03-25 19:39:51;26.46;741.07;23.15;
2024-03-25 19:41:12;26.44;741.11;23.15;
2024-03-25 19:41:51;26.43;741.08;23.16;
2024-03-25 19:42:51;26.45;741.09;23.14;
2024-03-25 19:51:51;26.45;741.13;23.04;
2024-03-25 19:52:55;26.44;741.12;23.07;
2024-03-25 19:55:00;26.44;741.11;23.05;
2024-03-25 19:55:51;26.44;741.1;23.04;
2024-03-25 19:56:51;26.43;741.09;23.02;
2024-03-25 19:57:52;26.43;741.13;23.02;
2024-03-25 19:58:52;26.44;741.12;23.02;
2024-03-25 20:01:52;26.44;741.18;23.01;
2024-03-25 20:03:02;26.41;741.19;23.02;
2024-03-25 20:05:09;26.43;741.21;23.04;
2024-03-25 20:05:55;26.44;741.21;23.03;
2024-03-25 20:08:01;26.44;741.23;23.02;
2024-03-25 20:08:55;26.44;741.25;23.04;
2024-03-25 20:12:02;26.43;741.21;23;
2024-03-25 20:13:56;26.43;741.23;23;
2024-03-25 20:14:56;26.45;741.21;22.95;
2024-03-25 20:15:53;26.44;741.24;22.96;
2024-03-25 20:16:53;26.44;741.24;22.89;
2024-03-25 20:17:53;26.44;741.23;22.89;
2024-03-25 20:18:53;26.44;741.25;22.88;
2024-03-25 20:19:53;26.43;741.22;22.88;
2024-03-25 20:20:53;26.43;741.22;22.82;
2024-03-25 20:21:56;26.44;741.22;22.85;
2024-03-25 20:22:53;26.46;741.21;22.8;
2024-03-25 20:23:53;26.46;741.24;22.83;
2024-03-25 20:24:56;26.44;741.23;22.86;
2024-03-25 20:26:04;26.45;741.24;22.85;
2024-03-25 20:26:59;26.44;741.25;22.85;
2024-03-25 20:28:01;26.45;741.24;22.83;
2024-03-25 20:31:54;26.45;741.28;22.82;
2024-03-25 20:32:54;26.45;741.29;22.8;
2024-03-25 20:33:54;26.43;741.3;22.82;
2024-03-25 20:36:54;26.44;741.33;22.78;
2024-03-25 20:37:54;26.42;741.31;22.79;
2024-03-25 20:38:54;26.44;741.31;22.78;
2024-03-25 20:39:57;26.44;741.32;22.79;
2024-03-25 20:40:54;26.45;741.32;22.79;
2024-03-25 20:41:54;26.43;741.28;22.79;
2024-03-25 20:42:54;26.44;741.29;22.76;
2024-03-25 20:43:54;26.44;741.31;22.76;
2024-03-25 20:44:54;26.44;741.29;22.78;
2024-03-25 20:45:56;26.43;741.28;22.77;
2024-03-25 20:47:59;26.43;741.32;22.75;
2024-03-25 20:48:55;26.44;741.31;22.75;
2024-03-25 20:49:55;26.44;741.35;22.78;
2024-03-25 20:50:55;26.43;741.33;22.75;
2024-03-25 20:52:08;26.44;741.33;22.76;
2024-03-25 20:56:02;26.42;741.35;22.71;
2024-03-25 20:56:55;26.41;741.35;22.69;
2024-03-25 21:01:55;26.42;741.32;22.68;
2024-03-25 21:05:10;26.4;741.38;22.65;
2024-03-25 21:05:59;26.4;741.41;22.59;
2024-03-25 21:06:56;26.39;741.4;22.62;
2024-03-25 21:07:59;26.4;741.44;22.58;
2024-03-25 21:08:56;26.42;741.45;22.57;
2024-03-25 21:10:58;26.41;741.43;22.41;
2024-03-25 21:11:56;26.41;741.41;22.52;
2024-03-25 21:13:18;26.41;741.44;22.52;
2024-03-25 21:13:56;26.43;741.43;22.52;
2024-03-25 21:14:56;26.4;741.45;22.51;
2024-03-25 21:15:56;26.4;741.47;22.53;
2024-03-25 21:17:02;26.42;741.48;22.5;
2024-03-25 21:17:56;26.42;741.48;22.5;
2024-03-25 21:20:00;26.42;741.45;22.46;
2024-03-25 21:21:07;26.42;741.48;22.45;
2024-03-25 21:22:00;26.4;741.45;22.42;
2024-03-25 21:24:11;26.4;741.43;22.4;
2024-03-25 21:26:57;26.39;741.44;22.37;
2024-03-25 21:27:59;26.38;741.44;22.37;
2024-03-25 21:29:01;26.4;741.43;22.33;
2024-03-25 21:29:57;26.41;741.42;22.33;
2024-03-25 21:32:03;26.4;741.44;22.29;
2024-03-25 21:33:13;26.39;741.43;22.27;
2024-03-25 21:33:57;26.38;741.46;22.28;
2024-03-25 21:34:58;26.38;741.47;22.27;
2024-03-25 21:35:57;26.38;741.47;22.21;
2024-03-25 21:36:57;26.38;741.49;22.21;
2024-03-25 21:37:58;26.36;741.46;22.25;
2024-03-25 21:44:01;26.37;741.5;22.22;
2024-03-25 21:46:08;26.38;741.49;22.18;
2024-03-25 21:47:16;26.38;741.54;22.2;
2024-03-25 21:48:16;26.39;741.55;22.16;
2024-03-25 21:50:58;26.37;741.56;22.11;
2024-03-25 21:52:07;26.39;741.57;22.12;
2024-03-25 21:52:58;26.36;741.56;22.1;
2024-03-25 21:55:01;26.36;741.56;22.1;
2024-03-25 21:55:59;26.39;741.59;22.02;
2024-03-25 21:57:59;26.39;741.6;22;
2024-03-25 21:59:01;26.38;741.62;22.02;
2024-03-25 21:59:59;26.37;741.62;22.02;
2024-03-25 22:01:42;26.37;741.62;22.02;
2024-03-25 22:02:59;26.36;741.65;21.99;
2024-03-25 22:06:07;26.37;741.66;21.97;
2024-03-25 22:06:59;26.38;741.7;21.97;
2024-03-25 22:09:08;26.37;741.69;21.97;
2024-03-25 22:10:03;26.38;741.71;21.96;
2024-03-25 22:11:01;26.36;741.7;21.93;
2024-03-25 22:14:00;26.36;741.69;21.88;
2024-03-25 22:15:00;26.36;741.69;21.88;
2024-03-25 22:16:02;26.37;741.72;21.89;
2024-03-25 22:17:03;26.37;741.72;21.83;
2024-03-25 22:18:00;26.37;741.71;21.84;
2024-03-25 22:20:06;26.35;741.72;21.83;
2024-03-25 22:21:00;26.34;741.73;21.8;
2024-03-25 22:22:00;26.35;741.74;21.82;
2024-03-25 22:23:01;26.35;741.74;21.82;
2024-03-25 22:24:00;26.36;741.78;21.79;
2024-03-25 22:25:00;26.33;741.76;21.79;
2024-03-25 22:26:00;26.34;741.76;21.8;
2024-03-25 22:27:00;26.33;741.77;21.8;
2024-03-25 22:28:00;26.32;741.78;21.82;
2024-03-25 22:31:06;26.31;741.76;21.75;
2024-03-25 22:32:10;26.31;741.76;21.73;
2024-03-25 22:33:08;26.32;741.74;21.71;
2024-03-25 22:37:01;26.33;741.75;21.71;
2024-03-25 22:38:04;26.34;741.78;21.7;
2024-03-25 22:39:02;26.33;741.76;21.67;
2024-03-25 22:40:04;26.34;741.77;21.67;
2024-03-25 22:43:08;26.33;741.72;21.68;
2024-03-25 22:44:04;26.33;741.72;21.65;
2024-03-25 22:45:06;26.33;741.71;21.65;
2024-03-25 22:46:01;26.32;741.77;21.61;
2024-03-25 22:47:02;26.3;741.77;21.62;
2024-03-25 22:52:02;26.33;741.8;21.49;
2024-03-25 22:53:02;26.32;741.86;21.55;
2024-03-25 22:54:02;26.33;741.82;21.53;
2024-03-25 22:55:03;26.32;741.84;21.49;
2024-03-25 22:56:02;26.33;741.83;21.5;
2024-03-25 22:57:02;26.34;741.85;21.49;
2024-03-25 22:58:02;26.35;741.87;21.56;
2024-03-25 22:59:05;26.35;741.86;21.56;
2024-03-25 23:01:05;26.33;741.87;21.54;
2024-03-25 23:03:03;26.32;741.91;21.54;
2024-03-25 23:04:03;26.33;741.88;21.56;
2024-03-25 23:05:04;26.33;741.88;21.53;
2024-03-25 23:07:04;26.32;741.89;21.51;
2024-03-25 23:11:07;26.32;741.91;21.48;
2024-03-25 23:14:03;26.32;741.94;21.46;
2024-03-25 23:15:04;26.32;741.98;21.44;
2024-03-25 23:18:03;26.31;741.98;21.37;
2024-03-25 23:19:06;26.3;741.97;21.41;
2024-03-25 23:20:05;26.3;741.99;21.34;
2024-03-25 23:23:04;26.3;741.94;21.37;
2024-03-25 23:26:04;26.3;742.03;21.34;
2024-03-25 23:28:04;26.3;742.07;21.35;
2024-03-25 23:29:07;26.31;742.07;21.35;
2024-03-25 23:30:14;26.3;742.08;21.35;
2024-03-25 23:31:06;26.32;742.09;21.34;
2024-03-25 23:32:12;26.3;742.08;21.34;
2024-03-25 23:33:05;26.3;742.07;21.34;
2024-03-25 23:34:05;26.31;742.06;21.33;
2024-03-25 23:35:05;26.31;742.06;21.3;
2024-03-25 23:36:07;26.3;742.04;21.3;
2024-03-25 23:37:05;26.32;742.08;21.3;
2024-03-25 23:38:04;26.3;742.06;21.3;
2024-03-25 23:39:05;26.3;742.06;21.21;
2024-03-25 23:40:06;26.31;742.09;21.3;
2024-03-25 23:41:07;26.31;742.06;21.28;
2024-03-25 23:42:05;26.31;742.08;21.3;
2024-03-25 23:43:05;26.31;742.08;21.19;
