Прибор: ;Hydra-L (03); ; Интервал: ;2024-03-25 00:00:00; / ;2024-03-25 23:45:00;
Date;weather_temp;weather_pressure;weather_humidity;
2024-03-25 00:00:31;26.95;732.38;20.91;
2024-03-25 00:01:31;26.95;732.39;20.89;
2024-03-25 00:02:32;26.97;732.4;20.88;
2024-03-25 00:03:32;26.98;732.39;20.88;
2024-03-25 00:04:32;26.97;732.37;20.87;
2024-03-25 00:05:32;26.98;732.37;20.88;
2024-03-25 00:06:32;26.99;732.34;20.87;
2024-03-25 00:07:32;26.98;732.34;20.87;
2024-03-25 00:08:32;26.98;732.33;20.88;
2024-03-25 00:09:32;26.97;732.33;20.88;
2024-03-25 00:10:32;26.98;732.34;20.87;
2024-03-25 00:11:33;26.97;732.32;20.87;
2024-03-25 00:12:33;26.97;732.31;20.88;
2024-03-25 00:13:33;26.98;732.3;20.88;
2024-03-25 00:14:33;26.99;732.31;20.89;
2024-03-25 00:15:32;26.97;732.31;20.89;
2024-03-25 00:16:32;26.95;732.32;20.92;
2024-03-25 00:17:32;26.97;732.35;20.91;
2024-03-25 00:18:32;26.97;732.37;20.89;
2024-03-25 00:19:33;26.98;732.4;20.88;
2024-03-25 00:20:33;26.98;732.38;20.89;
2024-03-25 00:21:33;26.98;732.37;20.89;
2024-03-25 00:22:33;26.96;732.34;20.91;
2024-03-25 00:23:33;26.97;732.36;20.91;
2024-03-25 00:24:33;26.96;732.28;20.92;
2024-03-25 00:25:33;26.98;732.26;20.91;
2024-03-25 00:26:33;26.98;732.2;20.88;
2024-03-25 00:27:33;26.97;732.13;20.91;
2024-03-25 00:28:33;26.98;732.14;20.89;
2024-03-25 00:29:33;26.98;732.17;20.89;
2024-03-25 00:30:33;26.98;732.14;20.89;
2024-03-25 00:31:33;26.96;732.16;20.92;
2024-03-25 00:32:33;26.96;732.23;20.93;
2024-03-25 00:33:33;26.96;732.23;20.92;
2024-03-25 00:34:34;26.96;732.24;20.92;
2024-03-25 00:35:34;26.96;732.24;20.93;
2024-03-25 00:36:34;26.96;732.23;20.92;
2024-03-25 00:37:34;26.96;732.23;20.93;
2024-03-25 00:38:34;26.97;732.28;20.91;
2024-03-25 00:39:34;26.97;732.28;20.92;
2024-03-25 00:40:34;26.97;732.27;20.93;
2024-03-25 00:41:34;26.97;732.25;20.92;
2024-03-25 00:42:34;26.98;732.24;20.92;
2024-03-25 00:43:34;26.96;732.19;20.93;
2024-03-25 00:44:34;26.96;732.17;20.92;
2024-03-25 00:45:34;26.95;732.12;20.93;
2024-03-25 00:46:34;26.97;732.14;20.93;
2024-03-25 00:47:34;26.96;732.11;20.94;
2024-03-25 00:48:34;26.95;732.1;20.94;
2024-03-25 00:49:34;26.95;732.08;20.94;
2024-03-25 00:50:34;26.96;732.09;20.94;
2024-03-25 00:51:34;26.97;732.11;20.93;
2024-03-25 00:52:34;26.96;732.14;20.95;
2024-03-25 00:53:34;26.96;732.13;20.94;
2024-03-25 00:54:35;26.96;732.16;20.94;
2024-03-25 00:55:35;26.97;732.16;20.94;
2024-03-25 00:56:35;26.96;732.18;20.94;
2024-03-25 00:57:35;26.97;732.2;20.93;
2024-03-25 00:58:35;26.96;732.21;20.93;
2024-03-25 00:59:35;26.96;732.16;20.95;
2024-03-25 01:00:35;26.95;732.19;20.95;
2024-03-25 01:01:37;26.97;732.16;20.93;
2024-03-25 01:02:36;26.96;732.14;20.94;
2024-03-25 01:03:35;26.98;732.08;20.93;
2024-03-25 01:04:35;26.97;732.05;20.93;
2024-03-25 01:05:36;26.96;732.04;20.94;
2024-03-25 01:06:36;26.96;732.07;20.95;
2024-03-25 01:07:35;26.96;732.05;20.95;
2024-03-25 01:08:35;26.95;732.06;20.95;
2024-03-25 01:09:35;26.97;732.07;20.94;
2024-03-25 01:10:36;26.97;732.07;20.93;
2024-03-25 01:11:35;26.97;732.04;20.94;
2024-03-25 01:12:36;26.96;732.05;20.95;
2024-03-25 01:13:36;26.95;732.07;20.96;
2024-03-25 01:14:36;26.98;732.04;20.94;
2024-03-25 01:15:36;26.97;732.01;20.93;
2024-03-25 01:16:36;26.97;732.02;20.94;
2024-03-25 01:17:36;26.98;732.05;20.93;
2024-03-25 01:18:36;26.98;732.11;20.94;
2024-03-25 01:19:36;26.97;732.15;20.94;
2024-03-25 01:20:36;26.96;732.15;20.96;
2024-03-25 01:21:36;26.96;732.13;20.95;
2024-03-25 01:22:36;26.96;732.18;20.96;
2024-03-25 01:23:36;26.96;732.22;20.96;
2024-03-25 01:24:36;26.96;732.23;20.96;
2024-03-25 01:25:37;26.98;732.26;20.94;
2024-03-25 01:26:36;26.96;732.27;20.95;
2024-03-25 01:27:37;26.95;732.28;20.98;
2024-03-25 01:28:36;26.96;732.31;20.98;
2024-03-25 01:29:36;26.95;732.32;20.98;
2024-03-25 01:30:37;26.96;732.29;20.98;
2024-03-25 01:31:37;26.97;732.3;20.95;
2024-03-25 01:32:37;26.97;732.33;20.95;
2024-03-25 01:33:37;26.97;732.34;20.96;
2024-03-25 01:34:37;26.97;732.34;20.95;
2024-03-25 01:35:37;26.97;732.34;20.95;
2024-03-25 01:36:37;26.98;732.39;20.94;
2024-03-25 01:37:37;26.96;732.38;20.96;
2024-03-25 01:38:37;26.97;732.37;20.96;
2024-03-25 01:39:37;26.98;732.38;20.95;
2024-03-25 01:40:37;26.99;732.36;20.94;
2024-03-25 01:41:37;26.99;732.35;20.94;
2024-03-25 01:42:37;26.98;732.36;20.94;
2024-03-25 01:43:38;26.97;732.36;20.95;
2024-03-25 01:44:37;26.98;732.33;20.94;
2024-03-25 01:45:38;26.99;732.35;20.93;
2024-03-25 01:46:38;26.98;732.34;20.94;
2024-03-25 01:47:37;26.98;732.33;20.94;
2024-03-25 01:48:37;26.98;732.4;20.95;
2024-03-25 01:49:38;26.98;732.46;20.94;
2024-03-25 01:50:38;26.96;732.46;20.96;
2024-03-25 01:51:38;26.97;732.44;20.95;
2024-03-25 01:52:38;27;732.43;20.94;
2024-03-25 01:53:38;26.98;732.44;20.95;
2024-03-25 01:54:39;26.99;732.4;20.94;
2024-03-25 01:55:38;26.99;732.41;20.94;
2024-03-25 01:56:38;26.98;732.43;20.95;
2024-03-25 01:57:38;26.98;732.43;20.96;
2024-03-25 01:58:38;26.98;732.43;20.95;
2024-03-25 01:59:38;26.99;732.43;20.94;
2024-03-25 02:00:38;26.99;732.41;20.95;
2024-03-25 02:01:38;26.98;732.42;20.95;
2024-03-25 02:02:39;26.97;732.36;20.96;
2024-03-25 02:03:39;26.97;732.39;20.98;
2024-03-25 02:04:40;26.97;732.41;20.98;
2024-03-25 02:05:39;26.97;732.44;20.98;
2024-03-25 02:06:39;26.98;732.42;20.96;
2024-03-25 02:07:39;26.98;732.4;20.95;
2024-03-25 02:08:39;26.99;732.43;20.95;
2024-03-25 02:09:39;26.99;732.39;20.95;
2024-03-25 02:10:39;26.98;732.36;20.95;
2024-03-25 02:11:39;26.97;732.38;20.96;
2024-03-25 02:12:39;26.98;732.39;20.96;
2024-03-25 02:13:45;26.98;732.41;20.96;
2024-03-25 02:14:40;26.98;732.4;20.98;
2024-03-25 02:15:39;26.98;732.41;20.95;
2024-03-25 02:16:39;26.98;732.49;20.96;
2024-03-25 02:17:40;26.99;732.48;20.96;
2024-03-25 02:18:40;27;732.47;20.95;
2024-03-25 02:19:40;26.98;732.43;20.96;
2024-03-25 02:20:40;26.99;732.44;20.95;
2024-03-25 02:21:40;26.99;732.44;20.94;
2024-03-25 02:22:40;27;732.42;20.95;
2024-03-25 02:23:40;26.98;732.42;20.95;
2024-03-25 02:24:40;26.99;732.44;20.96;
2024-03-25 02:25:40;26.97;732.48;20.98;
2024-03-25 02:26:40;26.98;732.51;20.98;
2024-03-25 02:27:40;26.98;732.49;20.96;
2024-03-25 02:28:40;26.97;732.5;20.99;
2024-03-25 02:29:40;26.97;732.54;20.98;
2024-03-25 02:30:40;26.96;732.58;20.99;
2024-03-25 02:31:40;26.97;732.63;20.99;
2024-03-25 02:32:40;26.99;732.64;20.98;
2024-03-25 02:33:41;26.99;732.63;20.97;
2024-03-25 02:34:41;26.98;732.67;20.98;
2024-03-25 02:35:41;26.98;732.68;20.98;
2024-03-25 02:36:41;26.99;732.74;20.98;
2024-03-25 02:37:41;26.99;732.79;20.98;
2024-03-25 02:38:41;26.99;732.8;20.99;
2024-03-25 02:39:41;26.99;732.82;20.98;
2024-03-25 02:40:41;26.98;732.9;20.99;
2024-03-25 02:41:41;26.99;732.93;20.99;
2024-03-25 02:42:41;26.98;732.93;20.98;
2024-03-25 02:43:41;26.98;733.02;20.99;
2024-03-25 02:44:41;26.98;733;20.99;
2024-03-25 02:45:41;26.97;733.03;21.01;
2024-03-25 02:46:42;26.96;733.04;21.01;
2024-03-25 02:47:42;26.96;733.04;21;
2024-03-25 02:48:41;26.95;733.08;21.01;
2024-03-25 02:49:43;26.96;733.08;21.02;
2024-03-25 02:50:41;26.97;733.17;21;
2024-03-25 02:51:41;26.97;733.15;21;
2024-03-25 02:52:41;26.97;733.17;21;
2024-03-25 02:53:41;26.96;733.15;21;
2024-03-25 02:54:42;26.97;733.16;21;
2024-03-25 02:55:42;26.97;733.17;21.01;
2024-03-25 02:56:41;26.97;733.23;21.01;
2024-03-25 02:57:41;26.96;733.22;21;
2024-03-25 02:58:41;26.95;733.21;21.01;
2024-03-25 02:59:42;26.95;733.2;21.01;
2024-03-25 03:00:42;26.97;733.22;21;
2024-03-25 03:01:42;26.97;733.19;20.99;
2024-03-25 03:02:42;26.97;733.25;21;
2024-03-25 03:03:42;26.97;733.26;20.98;
2024-03-25 03:04:42;26.97;733.31;21;
2024-03-25 03:05:42;26.98;733.32;20.98;
2024-03-25 03:06:42;26.98;733.36;20.98;
2024-03-25 03:07:42;26.98;733.34;20.96;
2024-03-25 03:08:42;26.98;733.4;20.98;
2024-03-25 03:09:42;26.97;733.42;20.99;
2024-03-25 03:10:42;26.98;733.43;20.98;
2024-03-25 03:11:42;26.99;733.45;20.97;
2024-03-25 03:12:43;26.98;733.44;20.96;
2024-03-25 03:13:42;26.99;733.46;20.97;
2024-03-25 03:14:42;26.98;733.49;20.96;
2024-03-25 03:15:43;26.98;733.5;20.96;
2024-03-25 03:16:43;26.98;733.5;20.96;
2024-03-25 03:17:43;26.98;733.52;20.98;
2024-03-25 03:18:43;26.97;733.57;20.99;
2024-03-25 03:19:44;26.99;733.56;20.97;
2024-03-25 03:20:43;26.99;733.59;20.97;
2024-03-25 03:21:43;26.98;733.61;20.96;
2024-03-25 03:22:43;26.97;733.61;20.98;
2024-03-25 03:23:43;26.97;733.63;20.99;
2024-03-25 03:24:43;26.97;733.61;20.98;
2024-03-25 03:25:43;26.98;733.69;20.96;
2024-03-25 03:26:43;26.96;733.66;20.98;
2024-03-25 03:27:43;26.96;733.71;20.99;
2024-03-25 03:28:44;26.97;733.72;20.98;
2024-03-25 03:29:44;26.97;733.76;20.98;
2024-03-25 03:30:44;26.96;733.77;20.98;
2024-03-25 03:31:44;26.97;733.71;20.96;
2024-03-25 03:32:44;26.96;733.76;20.99;
2024-03-25 03:33:44;26.98;733.78;20.95;
2024-03-25 03:34:44;26.97;733.77;20.95;
2024-03-25 03:35:44;26.97;733.8;20.96;
2024-03-25 03:36:44;26.97;733.78;20.96;
2024-03-25 03:37:44;26.96;733.72;20.96;
2024-03-25 03:38:45;26.97;733.7;20.96;
2024-03-25 03:39:45;26.97;733.72;20.96;
2024-03-25 03:40:45;26.97;733.79;20.96;
2024-03-25 03:41:45;26.97;733.77;20.94;
2024-03-25 03:42:45;26.97;733.81;20.98;
2024-03-25 03:43:45;26.97;733.82;20.95;
2024-03-25 03:44:45;26.96;733.84;20.98;
2024-03-25 03:45:45;26.96;733.84;20.96;
2024-03-25 03:46:45;26.96;733.87;20.98;
2024-03-25 03:47:45;26.96;733.9;20.96;
2024-03-25 03:48:45;26.97;733.87;20.94;
2024-03-25 03:49:46;26.98;733.88;20.94;
2024-03-25 03:50:46;26.96;733.97;20.96;
2024-03-25 03:51:46;26.97;733.93;20.95;
2024-03-25 03:52:46;26.96;733.95;20.95;
2024-03-25 03:53:46;26.96;733.91;20.95;
2024-03-25 03:54:46;26.96;733.95;20.95;
2024-03-25 03:55:46;26.94;733.93;20.97;
2024-03-25 03:56:47;26.95;733.96;20.95;
2024-03-25 03:57:46;26.94;734;20.96;
2024-03-25 03:58:47;26.93;734.01;20.97;
2024-03-25 03:59:46;26.96;734.03;20.95;
2024-03-25 04:00:46;26.96;734.05;20.93;
2024-03-25 04:01:47;26.94;734.08;20.94;
2024-03-25 04:02:47;26.96;734.09;20.93;
2024-03-25 04:03:47;26.96;734.07;20.93;
2024-03-25 04:04:47;26.94;734.08;20.94;
2024-03-25 04:05:47;26.96;734.09;20.93;
2024-03-25 04:06:47;26.97;734.11;20.92;
2024-03-25 04:07:47;26.96;734.14;20.92;
2024-03-25 04:08:47;26.96;734.11;20.92;
2024-03-25 04:09:47;26.96;734.15;20.92;
2024-03-25 04:10:48;26.97;734.15;20.89;
2024-03-25 04:11:47;26.96;734.15;20.92;
2024-03-25 04:12:48;26.97;734.13;20.92;
2024-03-25 04:13:47;26.96;734.17;20.91;
2024-03-25 04:14:47;26.97;734.17;20.91;
2024-03-25 04:15:48;26.96;734.16;20.91;
2024-03-25 04:16:50;26.96;734.19;20.92;
2024-03-25 04:17:49;26.98;734.25;20.91;
2024-03-25 04:18:48;26.96;734.24;20.91;
2024-03-25 04:19:50;26.95;734.24;20.93;
2024-03-25 04:20:48;26.93;734.26;20.94;
2024-03-25 04:21:50;26.95;734.28;20.93;
2024-03-25 04:22:51;26.95;734.3;20.92;
2024-03-25 04:23:49;26.95;734.29;20.93;
2024-03-25 04:24:49;26.94;734.31;20.95;
2024-03-25 04:25:49;26.94;734.29;20.94;
2024-03-25 04:26:48;26.94;734.34;20.94;
2024-03-25 04:27:48;26.94;734.39;20.94;
2024-03-25 04:28:49;26.94;734.44;20.94;
2024-03-25 04:29:49;26.96;734.43;20.92;
2024-03-25 04:30:48;26.95;734.47;20.93;
2024-03-25 04:31:49;26.94;734.51;20.93;
2024-03-25 04:32:49;26.94;734.46;20.93;
2024-03-25 04:33:49;26.94;734.49;20.93;
2024-03-25 04:34:49;26.94;734.48;20.92;
2024-03-25 04:35:49;26.94;734.44;20.92;
2024-03-25 04:36:49;26.94;734.45;20.93;
2024-03-25 04:37:49;26.94;734.48;20.93;
2024-03-25 04:38:49;26.93;734.43;20.92;
2024-03-25 04:39:49;26.95;734.49;20.92;
2024-03-25 04:40:50;26.94;734.44;20.93;
2024-03-25 04:41:55;26.95;734.41;20.92;
2024-03-25 04:42:49;26.95;734.41;20.91;
2024-03-25 04:43:50;26.95;734.43;20.91;
2024-03-25 04:44:50;26.93;734.36;20.92;
2024-03-25 04:45:50;26.94;734.39;20.9;
2024-03-25 04:46:54;26.94;734.42;20.92;
2024-03-25 04:47:50;26.94;734.42;20.9;
2024-03-25 04:48:52;26.95;734.45;20.91;
2024-03-25 04:49:54;26.94;734.46;20.9;
2024-03-25 04:50:51;26.93;734.45;20.9;
2024-03-25 04:51:50;26.93;734.46;20.92;
2024-03-25 04:52:50;26.94;734.51;20.92;
2024-03-25 04:53:50;26.93;734.54;20.92;
2024-03-25 04:54:50;26.93;734.52;20.9;
2024-03-25 04:55:50;26.94;734.54;20.9;
2024-03-25 04:56:50;26.94;734.54;20.89;
2024-03-25 04:57:50;26.94;734.55;20.89;
2024-03-25 04:58:50;26.94;734.56;20.9;
2024-03-25 04:59:50;26.94;734.56;20.9;
2024-03-25 05:00:51;26.93;734.55;20.9;
2024-03-25 05:01:51;26.94;734.58;20.9;
2024-03-25 05:02:51;26.93;734.6;20.9;
2024-03-25 05:03:51;26.94;734.55;20.89;
2024-03-25 05:04:51;26.94;734.61;20.89;
2024-03-25 05:05:51;26.92;734.64;20.92;
2024-03-25 05:06:51;26.91;734.72;20.92;
2024-03-25 05:07:51;26.93;734.75;20.9;
2024-03-25 05:08:52;26.94;734.67;20.9;
2024-03-25 05:09:53;26.92;734.65;20.9;
2024-03-25 05:10:54;26.96;734.7;20.91;
2024-03-25 05:11:52;26.94;734.71;20.88;
2024-03-25 05:12:53;26.94;734.72;20.88;
2024-03-25 05:13:53;26.93;734.75;20.89;
2024-03-25 05:14:56;26.93;734.73;20.9;
2024-03-25 05:15:52;26.93;734.71;20.9;
2024-03-25 05:16:52;26.93;734.77;20.9;
2024-03-25 05:17:52;26.91;734.75;20.91;
2024-03-25 05:18:52;26.92;734.77;20.89;
2024-03-25 05:19:53;26.95;734.84;20.87;
2024-03-25 05:20:52;26.92;734.82;20.89;
2024-03-25 05:21:53;26.92;734.83;20.89;
2024-03-25 05:22:53;26.93;734.8;20.89;
2024-03-25 05:23:53;26.92;734.8;20.89;
2024-03-25 05:24:53;26.92;734.82;20.89;
2024-03-25 05:25:53;26.92;734.8;20.89;
2024-03-25 05:26:53;26.91;734.85;20.89;
2024-03-25 05:27:53;26.92;734.89;20.88;
2024-03-25 05:28:53;26.92;734.87;20.88;
2024-03-25 05:29:53;26.92;734.92;20.88;
2024-03-25 05:30:54;26.91;734.94;20.88;
2024-03-25 05:31:54;26.92;734.94;20.88;
2024-03-25 05:32:54;26.93;734.93;20.87;
2024-03-25 05:33:54;26.93;734.95;20.87;
2024-03-25 05:34:56;26.92;734.93;20.87;
2024-03-25 05:35:54;26.93;734.97;20.88;
2024-03-25 05:36:55;26.92;735;20.88;
2024-03-25 05:37:56;26.93;735.01;20.88;
2024-03-25 05:38:55;26.92;735.01;20.88;
2024-03-25 05:39:55;26.92;734.98;20.88;
2024-03-25 05:40:55;26.92;735;20.89;
2024-03-25 05:41:55;26.92;734.99;20.88;
2024-03-25 05:42:55;26.92;735.02;20.88;
2024-03-25 05:43:54;26.93;735.04;20.88;
2024-03-25 05:44:55;26.92;735.1;20.88;
2024-03-25 05:45:55;26.91;735.09;20.9;
2024-03-25 05:46:55;26.92;735.11;20.89;
2024-03-25 05:47:55;26.92;735.13;20.88;
2024-03-25 05:48:55;26.92;735.14;20.89;
2024-03-25 05:49:55;26.92;735.16;20.88;
2024-03-25 05:50:55;26.92;735.13;20.88;
2024-03-25 05:51:55;26.92;735.15;20.88;
2024-03-25 05:52:55;26.91;735.15;20.89;
2024-03-25 05:53:55;26.91;735.18;20.89;
2024-03-25 05:54:56;26.92;735.18;20.88;
2024-03-25 05:55:56;26.92;735.2;20.88;
2024-03-25 05:56:56;26.91;735.21;20.88;
2024-03-25 05:57:56;26.91;735.24;20.89;
2024-03-25 05:58:56;26.91;735.24;20.89;
2024-03-25 05:59:56;26.92;735.27;20.88;
2024-03-25 06:00:56;26.93;735.31;20.87;
2024-03-25 06:01:57;26.93;735.36;20.87;
2024-03-25 06:02:56;26.91;735.34;20.89;
2024-03-25 06:03:56;26.92;735.38;20.88;
2024-03-25 06:04:58;26.92;735.43;20.89;
2024-03-25 06:05:56;26.93;735.43;20.87;
2024-03-25 06:06:56;26.93;735.46;20.87;
2024-03-25 06:07:56;26.94;735.45;20.87;
2024-03-25 06:08:56;26.92;735.44;20.88;
2024-03-25 06:09:57;26.92;735.48;20.88;
2024-03-25 06:10:56;26.93;735.5;20.88;
2024-03-25 06:11:57;26.92;735.51;20.88;
2024-03-25 06:12:57;26.93;735.54;20.88;
2024-03-25 06:13:57;26.92;735.56;20.88;
2024-03-25 06:14:57;26.91;735.56;20.88;
2024-03-25 06:15:57;26.92;735.56;20.87;
2024-03-25 06:16:57;26.92;735.59;20.88;
2024-03-25 06:17:57;26.92;735.62;20.88;
2024-03-25 06:18:57;26.92;735.57;20.87;
2024-03-25 06:19:57;26.93;735.63;20.87;
2024-03-25 06:20:57;26.92;735.61;20.88;
2024-03-25 06:21:57;26.93;735.62;20.87;
2024-03-25 06:22:57;26.93;735.61;20.87;
2024-03-25 06:23:57;26.92;735.62;20.87;
2024-03-25 06:24:57;26.93;735.6;20.87;
2024-03-25 06:25:58;26.93;735.65;20.88;
2024-03-25 06:26:58;26.94;735.66;20.87;
2024-03-25 06:27:58;26.92;735.66;20.88;
2024-03-25 06:28:59;26.93;735.66;20.87;
2024-03-25 06:29:58;26.92;735.68;20.87;
2024-03-25 06:30:58;26.92;735.64;20.87;
2024-03-25 06:31:58;26.93;735.71;20.87;
2024-03-25 06:32:58;26.92;735.7;20.88;
2024-03-25 06:33:58;26.91;735.73;20.88;
2024-03-25 06:34:58;26.92;735.72;20.88;
2024-03-25 06:35:58;26.93;735.72;20.88;
2024-03-25 06:36:58;26.91;735.73;20.88;
2024-03-25 06:37:58;26.91;735.73;20.89;
2024-03-25 06:38:58;26.92;735.71;20.88;
2024-03-25 06:39:58;26.92;735.74;20.88;
2024-03-25 06:40:58;26.92;735.75;20.88;
2024-03-25 06:41:58;26.92;735.79;20.88;
2024-03-25 06:42:59;26.92;735.76;20.88;
2024-03-25 06:43:59;26.92;735.76;20.88;
2024-03-25 06:44:59;26.93;735.84;20.86;
2024-03-25 06:45:59;26.91;735.85;20.88;
2024-03-25 06:46:59;26.92;735.8;20.87;
2024-03-25 06:47:59;26.91;735.84;20.88;
2024-03-25 06:48:59;26.91;735.85;20.88;
2024-03-25 06:49:59;26.92;735.84;20.87;
2024-03-25 06:50:59;26.93;735.87;20.87;
2024-03-25 06:51:59;26.94;735.9;20.87;
2024-03-25 06:52:59;26.93;735.87;20.86;
2024-03-25 06:53:59;26.95;735.92;20.85;
2024-03-25 06:54:59;26.93;735.92;20.84;
2024-03-25 06:56:00;26.94;735.93;20.86;
2024-03-25 06:57:00;26.93;735.88;20.86;
2024-03-25 06:58:00;26.91;735.89;20.88;
2024-03-25 06:59:00;26.92;735.95;20.86;
2024-03-25 07:00:01;26.91;735.95;20.87;
2024-03-25 07:01:00;26.92;735.98;20.87;
2024-03-25 07:02:00;26.93;736;20.86;
2024-03-25 07:03:00;26.92;736.01;20.86;
2024-03-25 07:04:00;26.91;736.04;20.87;
2024-03-25 07:05:08;26.93;736.05;20.86;
2024-03-25 07:06:00;26.93;736.05;20.86;
2024-03-25 07:07:01;26.92;736.08;20.87;
2024-03-25 07:08:02;26.94;736.08;20.85;
2024-03-25 07:09:01;26.94;736.1;20.86;
2024-03-25 07:10:01;26.95;736.11;20.83;
2024-03-25 07:11:01;26.94;736.12;20.85;
2024-03-25 07:12:01;26.94;736.13;20.86;
2024-03-25 07:13:01;26.94;736.11;20.85;
2024-03-25 07:14:01;26.93;736.11;20.86;
2024-03-25 07:15:01;26.95;736.12;20.85;
2024-03-25 07:16:01;26.96;736.13;20.83;
2024-03-25 07:17:01;26.96;736.13;20.83;
2024-03-25 07:18:02;26.97;736.18;20.83;
2024-03-25 07:19:01;26.96;736.19;20.82;
2024-03-25 07:20:01;26.96;736.14;20.82;
2024-03-25 07:21:01;26.95;736.17;20.83;
2024-03-25 07:22:01;26.96;736.22;20.82;
2024-03-25 07:23:01;26.96;736.24;20.83;
2024-03-25 07:24:01;26.97;736.24;20.81;
2024-03-25 07:25:02;26.96;736.28;20.83;
2024-03-25 07:26:02;26.96;736.27;20.83;
2024-03-25 07:27:01;26.96;736.27;20.83;
2024-03-25 07:28:02;26.98;736.32;20.81;
2024-03-25 07:29:01;26.98;736.31;20.81;
2024-03-25 07:30:03;26.98;736.28;20.81;
2024-03-25 07:31:02;26.99;736.3;20.8;
2024-03-25 07:32:02;26.98;736.3;20.81;
2024-03-25 07:33:02;26.99;736.3;20.8;
2024-03-25 07:34:02;26.98;736.31;20.81;
2024-03-25 07:35:03;26.99;736.34;20.81;
2024-03-25 07:36:02;27;736.32;20.8;
2024-03-25 07:37:02;26.98;736.37;20.81;
2024-03-25 07:38:02;26.97;736.35;20.81;
2024-03-25 07:39:02;26.97;736.38;20.82;
2024-03-25 07:40:04;26.96;736.39;20.85;
2024-03-25 07:41:02;26.97;736.4;20.82;
2024-03-25 07:42:12;26.97;736.39;20.82;
2024-03-25 07:45:15;26.97;736.41;20.82;
2024-03-25 07:45:46;26.98;736.43;20.81;
2024-03-25 07:46:28;26.97;736.44;20.83;
2024-03-25 07:46:51;26.98;736.44;20.82;
2024-03-25 07:47:48;26.99;736.44;20.81;
2024-03-25 07:48:31;26.98;736.49;20.82;
2024-03-25 07:49:25;26.98;736.47;20.81;
2024-03-25 07:50:10;26.98;736.5;20.81;
2024-03-25 07:51:03;26.98;736.51;20.81;
2024-03-25 07:52:03;26.98;736.53;20.81;
2024-03-25 07:53:04;27;736.57;20.8;
2024-03-25 07:54:04;26.99;736.6;20.81;
2024-03-25 07:55:04;27;736.64;20.8;
2024-03-25 07:56:04;27;736.65;20.8;
2024-03-25 07:57:04;26.99;736.63;20.8;
2024-03-25 07:58:04;27;736.66;20.79;
2024-03-25 07:59:04;27.01;736.67;20.78;
2024-03-25 08:00:04;27;736.71;20.79;
2024-03-25 08:01:04;27;736.71;20.78;
2024-03-25 08:02:04;26.99;736.73;20.8;
2024-03-25 08:03:04;27;736.72;20.78;
2024-03-25 08:04:04;27;736.77;20.8;
2024-03-25 08:05:08;26.99;736.78;20.8;
2024-03-25 08:06:05;26.99;736.8;20.79;
2024-03-25 08:07:04;27.01;736.83;20.78;
2024-03-25 08:08:04;27.02;736.83;20.77;
2024-03-25 08:09:05;27.01;736.83;20.77;
2024-03-25 08:10:06;27.03;736.86;20.76;
2024-03-25 08:11:05;27.03;736.88;20.76;
2024-03-25 08:12:05;27.03;736.89;20.74;
2024-03-25 08:13:05;27.02;736.93;20.74;
2024-03-25 08:14:05;27.04;736.95;20.72;
2024-03-25 08:15:06;27.04;736.96;20.73;
2024-03-25 08:16:05;27.03;737;20.74;
2024-03-25 08:17:05;27.05;736.99;20.72;
2024-03-25 08:18:05;27.05;737.03;20.72;
2024-03-25 08:19:05;27.04;737.02;20.72;
2024-03-25 08:20:06;27.06;737.02;20.71;
2024-03-25 08:21:06;27.05;737.02;20.71;
2024-03-25 08:22:05;27.04;737.04;20.72;
2024-03-25 08:23:06;27.06;737.04;20.71;
2024-03-25 08:24:05;27.06;737.06;20.7;
2024-03-25 08:25:07;27.07;737.03;20.69;
2024-03-25 08:26:06;27.07;737.02;20.69;
2024-03-25 08:27:06;27.07;737.04;20.69;
2024-03-25 08:28:06;27.09;737.06;20.68;
2024-03-25 08:29:06;27.09;737.06;20.67;
2024-03-25 08:30:07;27.11;737.08;20.64;
2024-03-25 08:31:06;27.12;737.08;20.63;
2024-03-25 08:32:07;27.14;737.08;20.62;
2024-03-25 08:33:06;27.15;737.13;20.58;
2024-03-25 08:34:07;27.15;737.13;20.6;
2024-03-25 08:35:08;27.16;737.17;20.59;
2024-03-25 08:36:06;27.2;737.19;20.56;
2024-03-25 08:37:07;27.18;737.18;20.56;
2024-03-25 08:38:06;27.19;737.19;20.56;
2024-03-25 08:39:07;27.21;737.27;20.54;
2024-03-25 08:40:07;27.21;737.26;20.53;
2024-03-25 08:41:07;27.23;737.25;20.51;
2024-03-25 08:42:07;27.27;737.26;20.48;
2024-03-25 08:43:07;27.3;737.25;20.45;
2024-03-25 08:44:07;27.32;737.24;20.43;
2024-03-25 08:45:07;27.34;737.28;20.42;
2024-03-25 08:46:07;27.34;737.27;20.42;
2024-03-25 08:47:07;27.39;737.28;20.36;
2024-03-25 08:48:07;27.42;737.31;20.33;
2024-03-25 08:49:07;27.46;737.31;20.29;
2024-03-25 08:50:08;27.47;737.33;20.27;
2024-03-25 08:51:07;27.5;737.29;20.24;
2024-03-25 08:52:07;27.53;737.31;20.21;
2024-03-25 08:53:07;27.57;737.36;20.17;
2024-03-25 08:54:07;27.6;737.39;20.15;
2024-03-25 08:55:08;27.64;737.4;20.11;
2024-03-25 08:56:08;27.65;737.39;20.1;
2024-03-25 08:57:08;27.68;737.38;20.06;
2024-03-25 08:58:08;27.69;737.37;20.04;
2024-03-25 08:59:08;27.69;737.41;20.04;
2024-03-25 09:00:09;27.7;737.42;20.03;
2024-03-25 09:01:08;27.72;737.42;20.02;
2024-03-25 09:02:08;27.73;737.43;20.01;
2024-03-25 09:03:08;27.74;737.44;19.99;
2024-03-25 09:04:08;27.78;737.49;19.97;
2024-03-25 09:05:09;27.82;737.5;19.92;
2024-03-25 09:06:08;27.83;737.5;19.91;
2024-03-25 09:07:08;27.83;737.47;19.91;
2024-03-25 09:08:08;27.82;737.48;19.9;
2024-03-25 09:09:08;27.84;737.49;19.9;
2024-03-25 09:10:09;27.88;737.51;19.85;
2024-03-25 09:11:09;27.94;737.54;19.79;
2024-03-25 09:12:09;27.98;737.49;19.76;
2024-03-25 09:13:09;28;737.56;19.71;
2024-03-25 09:14:09;27.99;737.58;19.73;
2024-03-25 09:15:10;27.97;737.6;19.75;
2024-03-25 09:16:09;27.96;737.59;19.76;
2024-03-25 09:17:09;27.94;737.61;19.77;
2024-03-25 09:18:10;27.94;737.65;19.79;
2024-03-25 09:19:09;27.95;737.65;19.79;
2024-03-25 09:20:11;27.93;737.66;19.8;
2024-03-25 09:21:09;27.91;737.68;19.81;
2024-03-25 09:22:10;27.94;737.69;19.77;
2024-03-25 09:23:11;27.98;737.71;19.75;
2024-03-25 09:24:10;27.99;737.73;19.75;
2024-03-25 09:25:10;27.98;737.75;19.73;
2024-03-25 09:26:10;27.98;737.75;19.73;
2024-03-25 09:27:10;27.98;737.76;19.74;
2024-03-25 09:28:10;28.01;737.81;19.72;
2024-03-25 09:29:10;28.03;737.79;19.68;
2024-03-25 09:30:10;28.17;737.82;19.56;
2024-03-25 09:31:10;28.27;737.82;19.43;
2024-03-25 09:32:10;28.22;737.86;19.49;
2024-03-25 09:33:10;28.2;737.86;19.5;
2024-03-25 09:34:11;28.22;737.88;19.48;
2024-03-25 09:35:10;28.3;737.9;19.44;
2024-03-25 09:36:11;28.35;737.91;19.38;
2024-03-25 09:37:11;28.37;737.9;19.36;
2024-03-25 09:38:11;28.57;737.94;19.16;
2024-03-25 09:39:12;28.69;737.94;19.05;
2024-03-25 09:40:12;28.64;737.95;19.11;
2024-03-25 09:41:11;28.54;737.96;19.17;
2024-03-25 09:42:11;28.5;737.96;19.21;
2024-03-25 09:43:11;28.51;738;19.21;
2024-03-25 09:44:11;28.47;738.02;19.23;
2024-03-25 09:45:13;28.47;738.06;19.24;
2024-03-25 09:46:11;28.5;738.03;19.22;
2024-03-25 09:47:12;28.87;738.06;18.91;
2024-03-25 09:48:12;29.19;738.1;18.6;
2024-03-25 09:49:12;29.13;738.06;18.6;
2024-03-25 09:50:15;29.37;738.04;18.37;
2024-03-25 09:51:12;29.16;738.08;18.57;
2024-03-25 09:52:12;29.01;738.08;18.7;
2024-03-25 09:53:12;28.93;738.11;18.78;
2024-03-25 09:54:12;28.89;738.11;18.82;
2024-03-25 09:55:14;28.84;738.1;18.87;
2024-03-25 09:56:12;28.8;738.12;18.9;
2024-03-25 09:57:12;28.77;738.14;18.94;
2024-03-25 09:58:12;28.77;738.13;18.95;
2024-03-25 09:59:12;28.81;738.12;18.9;
2024-03-25 10:00:15;28.73;738.12;18.98;
2024-03-25 10:01:12;28.73;738.13;18.98;
2024-03-25 10:02:13;28.72;738.15;18.99;
2024-03-25 10:03:13;28.68;738.17;19.03;
2024-03-25 10:04:13;28.65;738.18;19.07;
2024-03-25 10:05:15;28.61;738.18;19.12;
2024-03-25 10:06:13;28.59;738.24;19.14;
2024-03-25 10:07:13;28.55;738.26;19.17;
2024-03-25 10:08:13;28.51;738.21;19.21;
2024-03-25 10:09:16;28.47;738.25;19.25;
2024-03-25 10:10:15;28.46;738.26;19.27;
2024-03-25 10:11:13;28.42;738.25;19.31;
2024-03-25 10:12:14;28.43;738.3;19.31;
2024-03-25 10:13:14;28.39;738.29;19.34;
2024-03-25 10:14:14;28.4;738.31;19.33;
2024-03-25 10:15:17;28.37;738.34;19.37;
2024-03-25 10:16:13;28.39;738.36;19.37;
2024-03-25 10:17:13;28.35;738.38;19.4;
2024-03-25 10:18:14;28.31;738.38;19.45;
2024-03-25 10:19:14;28.31;738.38;19.45;
2024-03-25 10:20:14;28.29;738.4;19.47;
2024-03-25 10:21:14;28.35;738.38;19.41;
2024-03-25 10:22:14;28.58;738.4;19.18;
2024-03-25 10:23:14;28.43;738.4;19.33;
2024-03-25 10:24:14;28.4;738.41;19.36;
2024-03-25 10:25:14;28.34;738.42;19.42;
2024-03-25 10:26:14;28.35;738.45;19.43;
2024-03-25 10:27:14;28.41;738.41;19.38;
2024-03-25 10:28:14;28.48;738.42;19.3;
2024-03-25 10:29:14;28.51;738.47;19.27;
2024-03-25 10:30:15;28.53;738.46;19.26;
2024-03-25 10:31:15;28.58;738.46;19.21;
2024-03-25 10:32:16;28.6;738.46;19.19;
2024-03-25 10:33:15;28.6;738.47;19.21;
2024-03-25 10:34:15;28.56;738.5;19.22;
2024-03-25 10:35:15;28.59;738.49;19.21;
2024-03-25 10:36:18;28.62;738.51;19.18;
2024-03-25 10:37:15;28.6;738.52;19.19;
2024-03-25 10:38:15;28.58;738.51;19.2;
2024-03-25 10:39:15;28.57;738.52;19.21;
2024-03-25 10:40:15;28.58;738.57;19.2;
2024-03-25 10:41:15;28.56;738.57;19.22;
2024-03-25 10:42:15;28.71;738.57;19.09;
2024-03-25 10:43:15;28.82;738.58;19;
2024-03-25 10:44:15;29.1;738.59;18.76;
2024-03-25 10:45:15;29.28;738.6;18.58;
2024-03-25 10:46:15;29.52;738.57;18.39;
2024-03-25 10:47:16;29.93;738.56;17.99;
2024-03-25 10:48:16;30.63;738.57;17.34;
2024-03-25 10:49:16;31.91;738.6;16.21;
2024-03-25 10:50:16;31.85;738.63;16.11;
2024-03-25 10:51:16;31.12;738.63;16.78;
2024-03-25 10:52:16;30.91;738.63;16.97;
2024-03-25 10:53:16;30.92;738.66;16.96;
2024-03-25 10:54:16;32.53;738.63;15.63;
2024-03-25 10:55:17;33.64;738.66;14.71;
2024-03-25 10:56:17;34.19;738.68;14.24;
2024-03-25 10:57:16;32.89;738.68;15.19;
2024-03-25 10:58:17;32.3;738.75;15.67;
2024-03-25 10:59:17;31.99;738.77;15.94;
2024-03-25 11:00:17;31.96;738.79;16.03;
2024-03-25 11:01:17;31.89;738.82;16.04;
2024-03-25 11:02:17;31.67;738.82;16.23;
2024-03-25 11:03:17;31.54;738.83;16.33;
2024-03-25 11:04:17;32.32;738.81;15.73;
2024-03-25 11:05:17;32.05;738.87;15.9;
2024-03-25 11:06:17;32.63;738.82;15.49;
2024-03-25 11:07:17;32.02;738.86;15.91;
2024-03-25 11:08:17;31.65;738.87;16.23;
2024-03-25 11:09:17;31.41;738.89;16.45;
2024-03-25 11:10:18;31.2;738.85;16.63;
2024-03-25 11:11:17;31.07;738.87;16.75;
2024-03-25 11:12:17;30.9;738.86;16.89;
2024-03-25 11:13:17;30.77;738.87;17.02;
2024-03-25 11:14:17;30.64;738.9;17.12;
2024-03-25 11:15:20;30.58;738.9;17.21;
2024-03-25 11:16:18;30.42;738.91;17.33;
2024-03-25 11:17:18;30.39;738.87;17.37;
2024-03-25 11:18:18;30.37;738.9;17.39;
2024-03-25 11:19:18;30.26;738.87;17.48;
2024-03-25 11:20:18;30.19;738.86;17.56;
2024-03-25 11:21:18;30.11;738.85;17.63;
2024-03-25 11:22:18;30.07;738.86;17.68;
2024-03-25 11:23:18;30.3;738.89;17.5;
2024-03-25 11:24:18;31.52;738.94;16.47;
2024-03-25 11:25:18;31.98;738.91;15.97;
2024-03-25 11:26:18;31.38;738.9;16.49;
2024-03-25 11:27:19;32.36;738.94;15.67;
2024-03-25 11:28:19;33.6;738.91;14.71;
2024-03-25 11:29:19;33.95;738.87;14.33;
2024-03-25 11:30:19;33.03;738.87;15.05;
2024-03-25 11:31:19;35.07;738.87;13.55;
2024-03-25 11:32:19;36.29;738.96;12.6;
2024-03-25 11:33:19;37.24;738.9;11.89;
2024-03-25 11:34:19;36.08;738.95;12.69;
2024-03-25 11:35:22;37.65;738.95;11.61;
2024-03-25 11:36:19;36.28;738.98;12.51;
2024-03-25 11:37:19;35.74;738.96;12.88;
2024-03-25 11:38:20;37.21;738.96;11.9;
2024-03-25 11:39:20;38.23;738.99;11.24;
2024-03-25 11:40:22;38.77;739.02;10.82;
2024-03-25 11:41:19;39.42;738.98;10.43;
2024-03-25 11:42:19;38.1;739.01;11.26;
2024-03-25 11:43:20;37.31;738.95;11.77;
2024-03-25 11:44:20;37.47;739;11.64;
2024-03-25 11:45:20;37.39;738.97;11.71;
2024-03-25 11:46:20;36.61;739.03;12.21;
2024-03-25 11:47:20;36.64;739.03;12.2;
2024-03-25 11:48:20;36.85;739.07;12.14;
2024-03-25 11:49:20;36.93;739.05;11.95;
2024-03-25 11:50:20;35.96;739.07;12.7;
2024-03-25 11:51:20;35.38;739.05;13.1;
2024-03-25 11:52:20;36.65;739.11;12.23;
2024-03-25 11:53:20;36.18;739.12;12.58;
2024-03-25 11:54:20;36.65;739.08;12.23;
2024-03-25 11:55:22;35.55;739.08;12.92;
2024-03-25 11:56:21;35.17;739.08;13.27;
2024-03-25 11:57:21;35.95;739.11;12.74;
2024-03-25 11:58:21;36.29;739.14;12.46;
2024-03-25 11:59:21;36.94;739.14;12.05;
2024-03-25 12:00:21;36.04;739.14;12.59;
2024-03-25 12:01:21;35.27;739.09;13.18;
2024-03-25 12:02:21;34.81;739.15;13.52;
2024-03-25 12:03:21;34.43;739.16;13.79;
2024-03-25 12:04:22;34.52;739.14;13.76;
2024-03-25 12:05:22;34.2;739.13;14.02;
2024-03-25 12:06:24;33.97;739.12;14.17;
2024-03-25 12:07:22;33.59;739.15;14.48;
2024-03-25 12:08:22;33.31;739.16;14.72;
2024-03-25 12:09:22;33.12;739.14;14.89;
2024-03-25 12:10:22;32.87;739.18;15.1;
2024-03-25 12:11:22;32.57;739.2;15.34;
2024-03-25 12:12:22;32.51;739.21;15.4;
2024-03-25 12:13:22;32.27;739.24;15.62;
2024-03-25 12:14:22;32.11;739.23;15.76;
2024-03-25 12:15:24;31.84;739.26;16.01;
2024-03-25 12:16:22;31.69;739.24;16.15;
2024-03-25 12:17:22;31.58;739.26;16.24;
2024-03-25 12:18:23;31.4;739.23;16.4;
2024-03-25 12:19:22;31.31;739.26;16.5;
2024-03-25 12:20:23;31.17;739.2;16.63;
2024-03-25 12:21:23;31.1;739.21;16.68;
2024-03-25 12:22:23;30.99;739.22;16.82;
2024-03-25 12:23:24;31.02;739.23;16.78;
2024-03-25 12:24:23;31.07;739.21;16.75;
2024-03-25 12:25:24;31.08;739.21;16.75;
2024-03-25 12:26:23;31.09;739.24;16.75;
2024-03-25 12:27:23;30.96;739.25;16.87;
2024-03-25 12:28:23;30.92;739.24;16.93;
2024-03-25 12:29:23;30.8;739.26;17.03;
2024-03-25 12:30:25;30.76;739.28;17.08;
2024-03-25 12:31:24;30.69;739.26;17.13;
2024-03-25 12:32:25;30.57;739.32;17.26;
2024-03-25 12:33:25;30.53;739.32;17.29;
2024-03-25 12:34:25;30.45;739.34;17.36;
2024-03-25 12:35:25;30.36;739.35;17.44;
2024-03-25 12:36:24;30.23;739.38;17.59;
2024-03-25 12:37:23;30.16;739.41;17.66;
2024-03-25 12:38:23;30.08;739.41;17.72;
2024-03-25 12:39:23;30.08;739.41;17.72;
2024-03-25 12:40:23;30;739.42;17.8;
2024-03-25 12:41:23;29.94;739.41;17.86;
2024-03-25 12:42:23;29.9;739.4;17.92;
2024-03-25 12:43:24;29.85;739.4;17.96;
2024-03-25 12:44:24;29.82;739.39;18;
2024-03-25 12:45:24;29.79;739.41;18.02;
2024-03-25 12:46:24;29.75;739.42;18.05;
2024-03-25 12:47:26;29.72;739.44;18.08;
2024-03-25 12:48:25;29.68;739.43;18.13;
2024-03-25 12:49:25;29.67;739.45;18.16;
2024-03-25 12:50:24;29.7;739.47;18.15;
2024-03-25 12:51:24;29.66;739.47;18.18;
2024-03-25 12:52:25;29.62;739.48;18.23;
2024-03-25 12:53:26;29.62;739.44;18.21;
2024-03-25 12:54:25;29.62;739.48;18.24;
2024-03-25 12:55:25;29.56;739.46;18.29;
2024-03-25 12:56:26;29.58;739.45;18.27;
2024-03-25 12:57:26;29.59;739.46;18.28;
2024-03-25 12:58:25;29.57;739.44;18.3;
2024-03-25 12:59:25;29.52;739.46;18.34;
2024-03-25 13:00:25;29.54;739.46;18.33;
2024-03-25 13:01:25;29.56;739.49;18.31;
2024-03-25 13:02:25;29.52;739.46;18.34;
2024-03-25 13:03:25;29.47;739.47;18.39;
2024-03-25 13:04:25;29.49;739.49;18.36;
2024-03-25 13:05:26;29.57;739.47;18.31;
2024-03-25 13:06:26;29.54;739.52;18.34;
2024-03-25 13:07:25;29.52;739.47;18.35;
2024-03-25 13:08:26;29.51;739.49;18.38;
2024-03-25 13:09:26;29.57;739.5;18.31;
2024-03-25 13:10:26;29.55;739.49;18.33;
2024-03-25 13:11:26;29.5;739.48;18.39;
2024-03-25 13:12:25;29.48;739.47;18.4;
2024-03-25 13:13:26;29.53;739.45;18.37;
2024-03-25 13:14:26;29.57;739.46;18.32;
2024-03-25 13:15:27;29.52;739.48;18.37;
2024-03-25 13:16:26;29.54;739.47;18.35;
2024-03-25 13:17:26;29.51;739.45;18.38;
2024-03-25 13:18:26;29.52;739.44;18.38;
2024-03-25 13:19:26;29.51;739.42;18.4;
2024-03-25 13:20:26;29.49;739.42;18.4;
2024-03-25 13:21:28;29.46;739.43;18.43;
2024-03-25 13:22:26;29.46;739.42;18.43;
2024-03-25 13:23:26;29.46;739.46;18.45;
2024-03-25 13:24:26;29.4;739.44;18.49;
2024-03-25 13:25:26;29.42;739.48;18.49;
2024-03-25 13:26:26;29.41;739.51;18.49;
2024-03-25 13:27:26;29.4;739.46;18.5;
2024-03-25 13:28:26;29.38;739.48;18.52;
2024-03-25 13:29:26;29.38;739.44;18.51;
2024-03-25 13:30:26;29.38;739.48;18.52;
2024-03-25 13:31:26;29.36;739.46;18.55;
2024-03-25 13:32:27;29.35;739.47;18.56;
2024-03-25 13:33:27;29.32;739.49;18.59;
2024-03-25 13:34:27;29.28;739.49;18.63;
2024-03-25 13:35:27;29.26;739.47;18.65;
2024-03-25 13:36:27;29.23;739.5;18.68;
2024-03-25 13:37:27;29.24;739.51;18.68;
2024-03-25 13:38:27;29.19;739.52;18.72;
2024-03-25 13:39:27;29.21;739.49;18.71;
2024-03-25 13:40:27;29.21;739.5;18.71;
2024-03-25 13:41:27;29.21;739.51;18.71;
2024-03-25 13:42:27;29.18;739.51;18.74;
2024-03-25 13:43:28;29.17;739.52;18.74;
2024-03-25 13:44:27;29.13;739.54;18.8;
2024-03-25 13:45:27;29.12;739.53;18.81;
2024-03-25 13:46:27;29.08;739.53;18.84;
2024-03-25 13:47:28;29.15;739.52;18.76;
2024-03-25 13:48:28;29.12;739.54;18.81;
2024-03-25 13:49:28;29.1;739.52;18.82;
2024-03-25 13:50:28;29.07;739.56;18.85;
2024-03-25 13:51:28;29.06;739.59;18.87;
2024-03-25 13:52:28;29.04;739.54;18.89;
2024-03-25 13:53:28;29.04;739.57;18.89;
2024-03-25 13:54:28;29.02;739.57;18.9;
2024-03-25 13:55:28;29.03;739.56;18.91;
2024-03-25 13:56:28;29.04;739.55;18.89;
2024-03-25 13:57:28;29.14;739.54;18.81;
2024-03-25 13:58:28;29.2;739.56;18.77;
2024-03-25 13:59:29;29.25;739.55;18.71;
2024-03-25 14:00:28;29.3;739.53;18.66;
2024-03-25 14:01:29;29.34;739.55;18.61;
2024-03-25 14:02:29;29.37;739.54;18.59;
2024-03-25 14:03:29;29.41;739.54;18.55;
2024-03-25 14:04:29;29.47;739.54;18.5;
2024-03-25 14:05:29;29.48;739.53;18.48;
2024-03-25 14:06:29;29.54;739.56;18.45;
2024-03-25 14:07:30;29.54;739.58;18.45;
2024-03-25 14:08:30;29.59;739.57;18.39;
2024-03-25 14:09:31;29.56;739.56;18.43;
2024-03-25 14:10:30;29.64;739.57;18.37;
2024-03-25 14:11:30;29.62;739.56;18.37;
2024-03-25 14:12:30;29.62;739.59;18.36;
2024-03-25 14:13:31;29.67;739.55;18.32;
2024-03-25 14:14:30;29.67;739.57;18.42;
2024-03-25 14:15:30;29.7;739.55;18.37;
2024-03-25 14:16:30;29.71;739.54;18.41;
2024-03-25 14:17:30;29.74;739.55;18.4;
2024-03-25 14:18:30;29.76;739.56;18.41;
2024-03-25 14:19:30;29.74;739.58;18.44;
2024-03-25 14:20:30;29.74;739.56;18.5;
2024-03-25 14:21:30;29.76;739.6;18.5;
2024-03-25 14:22:30;29.77;739.61;18.53;
2024-03-25 14:23:30;29.72;739.58;18.59;
2024-03-25 14:24:31;29.72;739.61;18.63;
2024-03-25 14:25:32;29.68;739.59;18.68;
2024-03-25 14:26:31;29.64;739.61;18.68;
2024-03-25 14:27:31;29.64;739.64;18.7;
2024-03-25 14:28:31;29.64;739.65;18.77;
2024-03-25 14:29:31;29.64;739.63;18.72;
2024-03-25 14:30:31;29.61;739.61;18.78;
2024-03-25 14:31:31;29.69;739.61;18.74;
2024-03-25 14:32:31;29.67;739.64;18.75;
2024-03-25 14:33:31;29.63;739.64;18.75;
2024-03-25 14:34:31;29.63;739.65;18.75;
2024-03-25 14:35:31;29.61;739.63;18.78;
2024-03-25 14:36:31;29.58;739.65;18.79;
2024-03-25 14:37:31;29.57;739.68;18.8;
2024-03-25 14:38:31;29.53;739.67;18.83;
2024-03-25 14:39:31;29.52;739.68;18.83;
2024-03-25 14:40:32;29.5;739.68;18.85;
2024-03-25 14:41:32;29.48;739.67;18.85;
2024-03-25 14:42:32;29.47;739.71;18.86;
2024-03-25 14:43:32;29.48;739.7;18.85;
2024-03-25 14:44:32;29.45;739.75;18.88;
2024-03-25 14:45:32;29.42;739.68;18.9;
2024-03-25 14:46:32;29.41;739.66;18.9;
2024-03-25 14:47:32;29.44;739.7;18.88;
2024-03-25 14:48:32;29.4;739.69;18.92;
2024-03-25 14:49:32;29.39;739.67;18.92;
2024-03-25 14:50:32;29.44;739.7;18.87;
2024-03-25 14:51:32;29.44;739.7;18.87;
2024-03-25 14:52:32;29.4;739.69;18.92;
2024-03-25 14:53:32;29.43;739.7;18.87;
2024-03-25 14:54:32;29.48;739.71;18.82;
2024-03-25 14:55:32;29.49;739.72;18.81;
2024-03-25 14:56:32;29.49;739.72;18.82;
2024-03-25 14:57:32;29.49;739.7;18.81;
2024-03-25 14:58:32;29.51;739.71;18.8;
2024-03-25 14:59:32;29.54;739.78;18.77;
2024-03-25 15:00:33;29.54;739.76;18.76;
2024-03-25 15:01:33;29.59;739.74;18.73;
2024-03-25 15:02:33;29.61;739.74;18.7;
2024-03-25 15:03:33;29.64;739.74;18.68;
2024-03-25 15:04:33;29.55;739.76;18.74;
2024-03-25 15:05:33;29.55;739.75;18.76;
2024-03-25 15:06:33;29.58;739.78;18.72;
2024-03-25 15:07:33;29.55;739.77;18.76;
2024-03-25 15:08:34;29.54;739.76;18.78;
2024-03-25 15:09:34;29.57;739.79;18.73;
2024-03-25 15:10:34;29.62;739.79;18.68;
2024-03-25 15:11:33;29.67;739.79;18.64;
2024-03-25 15:12:34;29.65;739.81;18.65;
2024-03-25 15:13:33;29.64;739.77;18.67;
2024-03-25 15:14:34;29.69;739.77;18.61;
2024-03-25 15:15:34;29.72;739.77;18.6;
2024-03-25 15:16:34;29.68;739.77;18.62;
2024-03-25 15:17:34;29.62;739.77;18.68;
2024-03-25 15:18:34;29.65;739.79;18.65;
2024-03-25 15:19:34;29.67;739.75;18.63;
2024-03-25 15:20:34;29.7;739.79;18.61;
2024-03-25 15:21:34;29.72;739.77;18.59;
2024-03-25 15:22:36;29.75;739.76;18.54;
2024-03-25 15:23:34;29.75;739.81;18.56;
2024-03-25 15:24:34;29.75;739.81;18.55;
2024-03-25 15:25:34;29.78;739.79;18.52;
2024-03-25 15:26:34;29.8;739.81;18.51;
2024-03-25 15:27:34;29.81;739.81;18.49;
2024-03-25 15:28:35;29.81;739.81;18.5;
2024-03-25 15:29:36;29.83;739.82;18.48;
2024-03-25 15:30:35;29.86;739.83;18.46;
2024-03-25 15:31:35;29.84;739.84;18.48;
2024-03-25 15:32:35;29.84;739.85;18.47;
2024-03-25 15:33:36;29.81;739.85;18.49;
2024-03-25 15:34:35;29.74;739.85;18.55;
2024-03-25 15:35:35;29.7;739.9;18.6;
2024-03-25 15:36:35;29.68;739.86;18.62;
2024-03-25 15:37:35;29.67;739.88;18.62;
2024-03-25 15:38:36;29.6;739.9;18.69;
2024-03-25 15:39:35;29.64;739.88;18.65;
2024-03-25 15:40:35;29.68;739.91;18.62;
2024-03-25 15:41:36;29.66;739.92;18.63;
2024-03-25 15:42:36;29.59;739.96;18.71;
2024-03-25 15:43:36;29.56;739.94;18.73;
2024-03-25 15:44:36;29.48;739.97;18.78;
2024-03-25 15:45:36;29.43;739.99;18.89;
2024-03-25 15:46:36;29.46;739.94;18.94;
2024-03-25 15:47:36;29.44;739.95;19;
2024-03-25 15:48:36;29.47;739.92;19.06;
2024-03-25 15:49:36;29.43;739.93;19.13;
2024-03-25 15:50:36;29.49;739.91;19.06;
2024-03-25 15:51:36;29.44;739.91;19.22;
2024-03-25 15:52:36;29.44;739.89;19.26;
2024-03-25 15:53:36;29.39;739.89;19.41;
2024-03-25 15:54:36;29.37;739.92;19.78;
2024-03-25 15:55:36;29.37;739.92;19.74;
2024-03-25 15:56:36;29.36;739.91;19.81;
2024-03-25 15:57:36;29.34;739.93;19.68;
2024-03-25 15:58:36;29.29;739.94;19.7;
2024-03-25 15:59:36;29.28;739.93;19.76;
2024-03-25 16:00:37;29.23;739.92;19.81;
2024-03-25 16:01:37;29.18;739.93;19.86;
2024-03-25 16:02:37;29.16;739.92;19.86;
2024-03-25 16:03:37;29.16;739.91;20.06;
2024-03-25 16:04:37;29.16;739.94;19.91;
2024-03-25 16:05:37;29.16;739.95;19.92;
2024-03-25 16:06:37;29.18;739.93;20.05;
2024-03-25 16:07:37;29.2;739.92;19.96;
2024-03-25 16:08:37;29.13;739.93;20.03;
2024-03-25 16:09:37;29.12;739.93;20.06;
2024-03-25 16:10:37;29.04;739.91;20.16;
2024-03-25 16:11:37;29.04;739.9;20.16;
2024-03-25 16:12:37;29.02;739.92;20.2;
2024-03-25 16:13:37;29.07;739.92;20.25;
2024-03-25 16:14:38;29.11;739.88;20.26;
2024-03-25 16:15:38;29.15;739.87;20.19;
2024-03-25 16:16:38;29.11;739.89;20.31;
2024-03-25 16:17:38;29.07;739.91;20.39;
2024-03-25 16:18:38;29.05;739.9;20.33;
2024-03-25 16:19:38;29.08;739.93;20.43;
2024-03-25 16:20:38;29.07;739.94;20.42;
2024-03-25 16:21:38;29.11;739.92;20.42;
2024-03-25 16:22:38;29.09;739.93;20.57;
2024-03-25 16:23:38;29.05;739.95;20.66;
2024-03-25 16:24:39;29.04;739.95;20.67;
2024-03-25 16:25:39;29.01;739.94;21.04;
2024-03-25 16:26:39;29;739.97;21.14;
2024-03-25 16:27:39;29.03;739.95;21.18;
2024-03-25 16:28:39;29.06;740.02;21.23;
2024-03-25 16:29:39;29;739.98;21.52;
2024-03-25 16:30:39;29.02;739.97;21.5;
2024-03-25 16:31:39;29;739.98;21.65;
2024-03-25 16:32:39;28.98;739.94;21.75;
2024-03-25 16:33:40;28.96;739.96;21.9;
2024-03-25 16:34:39;28.93;739.95;22;
2024-03-25 16:35:39;28.9;739.95;21.95;
2024-03-25 16:36:39;28.88;739.97;22.12;
2024-03-25 16:37:39;28.87;739.97;22.23;
2024-03-25 16:38:39;28.84;739.97;22.34;
2024-03-25 16:39:40;28.82;739.97;22.4;
2024-03-25 16:40:40;28.82;739.98;22.54;
2024-03-25 16:41:40;28.81;739.97;22.58;
2024-03-25 16:42:40;28.8;739.96;22.7;
2024-03-25 16:43:40;28.76;739.99;22.83;
2024-03-25 16:44:40;28.75;739.98;22.96;
2024-03-25 16:45:40;28.77;739.99;22.83;
2024-03-25 16:46:40;28.81;739.96;22.87;
2024-03-25 16:47:40;28.81;739.98;22.93;
2024-03-25 16:48:41;28.81;739.98;23.04;
2024-03-25 16:49:40;28.83;739.97;23.1;
2024-03-25 16:50:41;28.82;739.97;23.26;
2024-03-25 16:51:41;28.77;739.97;23.5;
2024-03-25 16:52:41;28.76;740.01;23.43;
2024-03-25 16:53:41;28.76;740;23.48;
2024-03-25 16:54:41;28.76;739.99;23.5;
2024-03-25 16:55:42;28.77;740.02;23.54;
2024-03-25 16:56:41;28.78;740.01;23.51;
2024-03-25 16:57:41;28.75;739.97;23.67;
2024-03-25 16:58:41;28.72;739.97;23.66;
2024-03-25 16:59:41;28.71;739.97;23.82;
2024-03-25 17:00:41;28.7;739.98;23.83;
2024-03-25 17:01:42;28.68;740;23.94;
2024-03-25 17:02:42;28.67;740.02;23.98;
2024-03-25 17:03:42;28.64;740;24.03;
2024-03-25 17:04:42;28.63;740.01;24.28;
2024-03-25 17:05:42;28.61;740;24.16;
2024-03-25 17:06:41;28.61;740.02;24.46;
2024-03-25 17:07:42;28.6;740.03;24.45;
2024-03-25 17:08:42;28.58;740.04;24.42;
2024-03-25 17:09:42;28.57;740.04;24.55;
2024-03-25 17:10:42;28.56;740.04;24.53;
2024-03-25 17:11:42;28.55;740.01;24.54;
2024-03-25 17:12:42;28.54;740.04;24.43;
2024-03-25 17:13:42;28.52;740.03;24.6;
2024-03-25 17:14:42;28.51;740.01;24.69;
2024-03-25 17:15:42;28.5;740.02;24.57;
2024-03-25 17:16:42;28.48;740.03;24.73;
2024-03-25 17:17:43;28.49;740.04;24.84;
2024-03-25 17:18:43;28.46;740.03;24.73;
2024-03-25 17:19:43;28.46;740.05;24.88;
2024-03-25 17:20:43;28.44;740.03;24.97;
2024-03-25 17:21:43;28.44;740.05;25.16;
2024-03-25 17:22:42;28.42;740.05;25.33;
2024-03-25 17:23:42;28.42;740.03;25.17;
2024-03-25 17:24:43;28.41;740.04;25.11;
2024-03-25 17:25:43;28.39;740.05;25.28;
2024-03-25 17:26:43;28.4;740.08;25.26;
2024-03-25 17:27:43;28.39;740.07;25.33;
2024-03-25 17:28:43;28.37;740.09;25.36;
2024-03-25 17:29:43;28.37;740.08;25.46;
2024-03-25 17:30:43;28.36;740.08;25.4;
2024-03-25 17:31:43;28.34;740.07;25.37;
2024-03-25 17:32:45;28.34;740.08;25.49;
2024-03-25 17:33:43;28.33;740.11;25.54;
2024-03-25 17:34:44;28.32;740.09;25.5;
2024-03-25 17:35:44;28.3;740.09;25.47;
2024-03-25 17:36:44;28.3;740.08;25.61;
2024-03-25 17:37:44;28.29;740.07;25.59;
2024-03-25 17:38:44;28.3;740.06;25.51;
2024-03-25 17:39:44;28.29;740.06;25.68;
2024-03-25 17:40:45;28.3;740.1;25.6;
2024-03-25 17:41:44;28.29;740.1;25.71;
2024-03-25 17:42:44;28.28;740.08;25.82;
2024-03-25 17:43:45;28.28;740.12;25.74;
2024-03-25 17:44:44;28.28;740.09;25.83;
2024-03-25 17:45:44;28.27;740.12;25.9;
2024-03-25 17:46:44;28.26;740.14;25.77;
2024-03-25 17:47:44;28.25;740.14;26.09;
2024-03-25 17:48:45;28.25;740.15;26.1;
2024-03-25 17:49:45;28.24;740.16;26.09;
2024-03-25 17:50:45;28.23;740.15;26.05;
2024-03-25 17:51:45;28.23;740.16;26.1;
2024-03-25 17:52:45;28.22;740.21;26.2;
2024-03-25 17:53:45;28.19;740.19;26.18;
2024-03-25 17:54:45;28.19;740.18;26.15;
2024-03-25 17:55:45;28.18;740.18;26.17;
2024-03-25 17:56:45;28.18;740.2;26.24;
2024-03-25 17:57:45;28.17;740.21;26.25;
2024-03-25 17:58:45;28.17;740.22;26.24;
2024-03-25 17:59:46;28.18;740.24;26.22;
2024-03-25 18:00:46;28.16;740.21;26.26;
2024-03-25 18:01:46;28.14;740.21;26.14;
2024-03-25 18:02:47;28.13;740.21;26.21;
2024-03-25 18:03:46;28.13;740.22;26.01;
2024-03-25 18:04:46;28.13;740.24;26.21;
2024-03-25 18:05:46;28.13;740.19;26.1;
2024-03-25 18:06:46;28.11;740.21;26.14;
2024-03-25 18:07:46;28.11;740.22;26.04;
2024-03-25 18:08:46;28.1;740.21;26.09;
2024-03-25 18:09:46;28.09;740.24;26.03;
2024-03-25 18:10:46;28.07;740.23;25.98;
2024-03-25 18:11:46;28.08;740.24;25.99;
2024-03-25 18:12:46;28.06;740.26;26.03;
2024-03-25 18:13:46;28.05;740.27;26;
2024-03-25 18:14:46;28.05;740.27;25.93;
2024-03-25 18:15:47;28.04;740.24;25.96;
2024-03-25 18:16:47;28.04;740.25;25.92;
2024-03-25 18:17:47;28.03;740.27;25.94;
2024-03-25 18:18:47;28.02;740.28;25.86;
2024-03-25 18:19:47;28.01;740.31;25.81;
2024-03-25 18:20:47;28.01;740.29;25.85;
2024-03-25 18:21:47;28;740.28;25.9;
2024-03-25 18:22:49;27.99;740.31;25.86;
2024-03-25 18:23:47;27.97;740.3;25.84;
2024-03-25 18:24:47;27.97;740.32;25.92;
2024-03-25 18:25:47;27.95;740.32;25.79;
2024-03-25 18:26:48;27.96;740.34;25.88;
2024-03-25 18:27:47;27.96;740.35;25.55;
2024-03-25 18:28:48;27.95;740.33;25.8;
2024-03-25 18:29:47;27.94;740.36;25.74;
2024-03-25 18:30:48;27.92;740.36;25.77;
2024-03-25 18:31:48;27.92;740.36;25.77;
2024-03-25 18:32:48;27.93;740.37;25.56;
2024-03-25 18:33:48;27.92;740.37;25.68;
2024-03-25 18:34:48;27.91;740.4;25.74;
2024-03-25 18:35:50;27.91;740.38;25.69;
2024-03-25 18:36:48;27.89;740.41;25.72;
2024-03-25 18:37:49;27.9;740.41;25.71;
2024-03-25 18:38:49;27.89;740.42;25.63;
2024-03-25 18:39:48;27.89;740.45;25.56;
2024-03-25 18:40:48;27.87;740.42;25.69;
2024-03-25 18:41:48;27.86;740.46;25.65;
2024-03-25 18:42:49;27.87;740.49;25.58;
2024-03-25 18:43:49;27.85;740.5;25.42;
2024-03-25 18:44:49;27.85;740.5;25.58;
2024-03-25 18:45:49;27.84;740.5;25.55;
2024-03-25 18:46:49;27.83;740.53;25.57;
2024-03-25 18:47:49;27.82;740.53;25.53;
2024-03-25 18:48:49;27.82;740.52;25.54;
2024-03-25 18:49:49;27.81;740.51;25.54;
2024-03-25 18:50:49;27.79;740.56;25.57;
2024-03-25 18:51:49;27.78;740.53;25.54;
2024-03-25 18:52:49;27.78;740.53;25.5;
2024-03-25 18:53:50;27.79;740.51;25.51;
2024-03-25 18:54:51;27.8;740.52;25.48;
2024-03-25 18:55:50;27.78;740.53;25.46;
2024-03-25 18:56:50;27.77;740.54;25.45;
2024-03-25 18:57:50;27.78;740.6;25.4;
2024-03-25 18:58:49;27.77;740.59;25.41;
2024-03-25 18:59:50;27.76;740.62;25.38;
2024-03-25 19:00:50;27.76;740.64;25.41;
2024-03-25 19:01:50;27.75;740.62;25.33;
2024-03-25 19:02:50;27.75;740.63;25.41;
2024-03-25 19:03:50;27.75;740.66;25.34;
2024-03-25 19:04:50;27.74;740.66;25.36;
2024-03-25 19:05:50;27.73;740.64;25.3;
2024-03-25 19:06:50;27.73;740.65;25.39;
2024-03-25 19:07:50;27.73;740.68;25.35;
2024-03-25 19:08:50;27.72;740.69;25.36;
2024-03-25 19:09:51;27.72;740.72;25.32;
2024-03-25 19:10:51;27.71;740.67;25.35;
2024-03-25 19:11:51;27.72;740.68;25.25;
2024-03-25 19:12:51;27.72;740.67;25.27;
2024-03-25 19:13:51;27.71;740.68;25.28;
2024-03-25 19:14:51;27.7;740.72;25.26;
2024-03-25 19:15:51;27.7;740.75;25.27;
2024-03-25 19:16:53;27.7;740.75;25.22;
2024-03-25 19:17:51;27.67;740.76;25.24;
2024-03-25 19:18:51;27.69;740.78;25.23;
2024-03-25 19:19:51;27.69;740.81;25.2;
2024-03-25 19:20:51;27.68;740.79;25.21;
2024-03-25 19:21:51;27.67;740.78;25.22;
2024-03-25 19:22:52;27.68;740.81;25.18;
2024-03-25 19:23:51;27.66;740.81;25.17;
2024-03-25 19:24:52;27.67;740.8;25.2;
2024-03-25 19:25:52;27.65;740.8;25.17;
2024-03-25 19:26:52;27.66;740.83;25.18;
2024-03-25 19:27:52;27.66;740.84;25.18;
2024-03-25 19:28:52;27.66;740.85;25.17;
2024-03-25 19:29:52;27.65;740.86;25.15;
2024-03-25 19:30:52;27.66;740.89;25.16;
2024-03-25 19:31:53;27.64;740.89;25.11;
2024-03-25 19:32:53;27.65;740.87;25.07;
2024-03-25 19:33:53;27.64;740.87;25.09;
2024-03-25 19:34:52;27.65;740.91;25.09;
2024-03-25 19:35:53;27.64;740.87;25.08;
2024-03-25 19:36:54;27.64;740.89;25.05;
2024-03-25 19:37:53;27.65;740.89;25.04;
2024-03-25 19:38:54;27.63;740.88;25.04;
2024-03-25 19:39:53;27.65;740.88;24.98;
2024-03-25 19:40:53;27.63;740.9;25.02;
2024-03-25 19:41:53;27.61;740.89;24.99;
2024-03-25 19:42:55;27.61;740.87;24.97;
2024-03-25 19:43:53;27.62;740.9;25;
2024-03-25 19:44:53;27.61;740.88;24.99;
2024-03-25 19:45:53;27.61;740.89;24.97;
2024-03-25 19:46:54;27.61;740.91;24.95;
2024-03-25 19:47:53;27.61;740.91;24.95;
2024-03-25 19:48:53;27.6;740.9;24.96;
2024-03-25 19:49:53;27.59;740.91;24.96;
2024-03-25 19:50:53;27.6;740.9;24.94;
2024-03-25 19:51:54;27.59;740.94;24.94;
2024-03-25 19:52:57;27.59;740.89;24.92;
2024-03-25 19:53:53;27.6;740.88;24.92;
2024-03-25 19:54:54;27.59;740.9;24.91;
2024-03-25 19:55:54;27.59;740.9;24.86;
2024-03-25 19:56:54;27.59;740.87;24.85;
2024-03-25 19:57:54;27.59;740.89;24.8;
2024-03-25 19:58:54;27.58;740.91;24.79;
2024-03-25 19:59:54;27.58;740.91;24.81;
2024-03-25 20:00:54;27.58;740.91;24.79;
2024-03-25 20:01:54;27.57;740.93;24.81;
2024-03-25 20:02:54;27.55;740.94;24.81;
2024-03-25 20:03:54;27.57;740.94;24.78;
2024-03-25 20:04:56;27.56;740.94;24.77;
2024-03-25 20:05:55;27.55;740.96;24.8;
2024-03-25 20:06:55;27.55;740.97;24.78;
2024-03-25 20:07:55;27.56;741.01;24.77;
2024-03-25 20:08:55;27.56;740.98;24.73;
2024-03-25 20:09:55;27.56;741;24.77;
2024-03-25 20:10:55;27.56;740.99;24.74;
2024-03-25 20:11:55;27.56;740.98;24.73;
2024-03-25 20:12:55;27.55;740.98;24.78;
2024-03-25 20:13:57;27.55;741;24.73;
2024-03-25 20:14:55;27.58;741.02;24.73;
2024-03-25 20:15:56;27.55;740.98;24.72;
2024-03-25 20:16:57;27.55;741;24.7;
2024-03-25 20:17:56;27.57;741.03;24.7;
2024-03-25 20:18:57;27.53;740.99;24.6;
2024-03-25 20:19:56;27.57;741;24.66;
2024-03-25 20:20:57;27.54;740.95;24.67;
2024-03-25 20:21:57;27.53;740.96;24.65;
2024-03-25 20:22:56;27.56;740.99;24.64;
2024-03-25 20:23:56;27.54;740.98;24.64;
2024-03-25 20:24:57;27.54;740.97;24.66;
2024-03-25 20:25:57;27.53;741.02;24.66;
2024-03-25 20:26:56;27.52;741;24.61;
2024-03-25 20:27:58;27.52;741;24.65;
2024-03-25 20:28:57;27.55;741.02;24.6;
2024-03-25 20:29:57;27.52;741.04;24.6;
2024-03-25 20:30:57;27.51;741.07;24.62;
2024-03-25 20:31:57;27.51;741.09;24.61;
2024-03-25 20:32:57;27.52;741.07;24.61;
2024-03-25 20:33:57;27.5;741.08;24.61;
2024-03-25 20:34:57;27.51;741.11;24.58;
2024-03-25 20:35:57;27.49;741.12;24.56;
2024-03-25 20:36:57;27.49;741.1;24.58;
2024-03-25 20:37:57;27.5;741.11;24.58;
2024-03-25 20:38:57;27.5;741.09;24.54;
2024-03-25 20:39:57;27.5;741.11;24.53;
2024-03-25 20:40:57;27.5;741.12;24.55;
2024-03-25 20:41:58;27.49;741.08;24.54;
2024-03-25 20:42:58;27.5;741.09;24.52;
2024-03-25 20:43:58;27.49;741.08;24.54;
2024-03-25 20:44:58;27.49;741.08;24.53;
2024-03-25 20:45:57;27.5;741.08;24.48;
2024-03-25 20:46:58;27.48;741.09;24.49;
2024-03-25 20:47:58;27.49;741.11;24.49;
2024-03-25 20:48:58;27.48;741.12;24.5;
2024-03-25 20:49:58;27.49;741.13;24.48;
2024-03-25 20:50:58;27.48;741.12;24.48;
2024-03-25 20:51:59;27.47;741.14;24.49;
2024-03-25 20:52:58;27.48;741.13;24.5;
2024-03-25 20:54:00;27.48;741.15;24.5;
2024-03-25 20:55:00;27.48;741.14;24.47;
2024-03-25 20:55:58;27.48;741.15;24.47;
2024-03-25 20:56:58;27.47;741.14;24.47;
2024-03-25 20:57:58;27.48;741.15;24.48;
2024-03-25 20:58:58;27.48;741.15;24.44;
2024-03-25 20:59:59;27.47;741.13;24.44;
2024-03-25 21:00:58;27.46;741.12;24.38;
2024-03-25 21:01:58;27.47;741.1;24.43;
2024-03-25 21:02:59;27.47;741.13;24.43;
2024-03-25 21:03:59;27.47;741.17;24.43;
2024-03-25 21:04:59;27.48;741.17;24.37;
2024-03-25 21:05:59;27.47;741.15;24.39;
2024-03-25 21:06:59;27.46;741.18;24.41;
2024-03-25 21:07:59;27.47;741.19;24.38;
2024-03-25 21:08:59;27.47;741.2;24.4;
2024-03-25 21:09:59;27.46;741.19;24.37;
2024-03-25 21:11:01;27.46;741.21;24.34;
2024-03-25 21:11:59;27.45;741.2;24.37;
2024-03-25 21:12:59;27.45;741.23;24.36;
2024-03-25 21:13:59;27.45;741.23;24.37;
2024-03-25 21:15:00;27.45;741.23;24.37;
2024-03-25 21:16:00;27.45;741.25;24.34;
2024-03-25 21:17:00;27.45;741.25;24.34;
2024-03-25 21:18:00;27.46;741.26;24.35;
2024-03-25 21:19:00;27.46;741.26;24.34;
2024-03-25 21:20:00;27.45;741.25;24.34;
2024-03-25 21:21:00;27.44;741.24;24.33;
2024-03-25 21:22:00;27.44;741.25;24.34;
2024-03-25 21:23:00;27.44;741.22;24.31;
2024-03-25 21:24:00;27.45;741.23;24.29;
2024-03-25 21:25:00;27.44;741.23;24.3;
2024-03-25 21:26:00;27.44;741.24;24.3;
2024-03-25 21:27:00;27.42;741.23;24.34;
2024-03-25 21:28:00;27.44;741.25;24.29;
2024-03-25 21:29:01;27.44;741.23;24.29;
2024-03-25 21:30:00;27.43;741.22;24.31;
2024-03-25 21:31:00;27.43;741.22;24.29;
2024-03-25 21:32:01;27.43;741.24;24.28;
2024-03-25 21:33:01;27.43;741.24;24.25;
2024-03-25 21:34:01;27.43;741.24;24.25;
2024-03-25 21:35:01;27.42;741.26;24.26;
2024-03-25 21:36:01;27.43;741.25;24.25;
2024-03-25 21:37:01;27.43;741.24;24.24;
2024-03-25 21:38:01;27.42;741.24;24.22;
2024-03-25 21:39:01;27.42;741.26;24.22;
2024-03-25 21:40:01;27.42;741.28;24.24;
2024-03-25 21:41:01;27.43;741.27;24.22;
2024-03-25 21:42:01;27.42;741.3;24.21;
2024-03-25 21:43:01;27.42;741.3;24.21;
2024-03-25 21:44:01;27.41;741.31;24.22;
2024-03-25 21:45:02;27.41;741.3;24.22;
2024-03-25 21:46:02;27.41;741.32;24.21;
2024-03-25 21:47:02;27.4;741.35;24.22;
2024-03-25 21:48:02;27.41;741.33;24.19;
2024-03-25 21:49:02;27.41;741.36;24.16;
2024-03-25 21:50:03;27.41;741.37;24.18;
2024-03-25 21:51:02;27.41;741.37;24.17;
2024-03-25 21:52:02;27.4;741.38;24.18;
2024-03-25 21:53:02;27.4;741.37;24.21;
2024-03-25 21:54:02;27.39;741.41;24.18;
2024-03-25 21:55:03;27.39;741.39;24.16;
2024-03-25 21:56:02;27.41;741.38;24.16;
2024-03-25 21:57:03;27.4;741.43;24.16;
2024-03-25 21:58:03;27.4;741.4;24.12;
2024-03-25 21:59:03;27.39;741.41;24.12;
2024-03-25 22:00:04;27.4;741.43;24.16;
2024-03-25 22:01:03;27.41;741.45;24.13;
2024-03-25 22:02:03;27.4;741.44;24.12;
2024-03-25 22:03:03;27.39;741.45;24.12;
2024-03-25 22:04:03;27.4;741.44;24.13;
2024-03-25 22:05:04;27.39;741.46;24.1;
2024-03-25 22:06:03;27.39;741.48;24.1;
2024-03-25 22:07:03;27.37;741.48;24.12;
2024-03-25 22:08:03;27.38;741.51;24.11;
2024-03-25 22:09:03;27.38;741.5;24.11;
2024-03-25 22:10:04;27.39;741.51;24.1;
2024-03-25 22:11:06;27.38;741.48;24.09;
2024-03-25 22:12:04;27.38;741.49;24.1;
2024-03-25 22:13:04;27.37;741.51;24.1;
2024-03-25 22:14:04;27.38;741.49;24.09;
2024-03-25 22:15:05;27.39;741.48;24.08;
2024-03-25 22:16:04;27.38;741.46;24.11;
2024-03-25 22:17:04;27.38;741.49;24.09;
2024-03-25 22:18:04;27.38;741.49;24.05;
2024-03-25 22:19:04;27.37;741.51;24.07;
2024-03-25 22:20:05;27.38;741.54;24.06;
2024-03-25 22:21:05;27.38;741.52;24.05;
2024-03-25 22:22:04;27.38;741.54;24.04;
2024-03-25 22:23:05;27.37;741.56;24.04;
2024-03-25 22:24:05;27.37;741.57;24.04;
2024-03-25 22:25:06;27.37;741.55;24.02;
2024-03-25 22:26:05;27.37;741.56;24.03;
2024-03-25 22:27:05;27.37;741.52;24.04;
2024-03-25 22:28:05;27.37;741.54;24.02;
2024-03-25 22:29:05;27.35;741.53;24.04;
2024-03-25 22:30:06;27.36;741.55;24.03;
2024-03-25 22:31:05;27.36;741.51;24.03;
2024-03-25 22:32:05;27.36;741.5;24.01;
2024-03-25 22:33:05;27.35;741.51;24.01;
2024-03-25 22:34:05;27.35;741.47;24;
2024-03-25 22:35:10;27.36;741.52;23.99;
2024-03-25 22:36:06;27.36;741.5;23.99;
2024-03-25 22:37:06;27.34;741.56;23.99;
2024-03-25 22:38:06;27.35;741.54;23.99;
2024-03-25 22:39:07;27.34;741.54;24;
2024-03-25 22:40:07;27.35;741.53;24;
2024-03-25 22:41:07;27.35;741.52;23.98;
2024-03-25 22:42:06;27.37;741.51;23.97;
2024-03-25 22:43:06;27.36;741.5;23.97;
2024-03-25 22:44:06;27.36;741.53;23.96;
2024-03-25 22:45:08;27.35;741.53;23.94;
2024-03-25 22:46:06;27.34;741.55;23.94;
2024-03-25 22:47:07;27.34;741.56;23.96;
2024-03-25 22:48:06;27.35;741.57;23.94;
2024-03-25 22:49:07;27.34;741.57;23.96;
2024-03-25 22:50:07;27.34;741.58;23.93;
2024-03-25 22:51:07;27.34;741.59;23.93;
2024-03-25 22:52:07;27.34;741.61;23.94;
2024-03-25 22:53:07;27.34;741.61;23.94;
2024-03-25 22:54:07;27.33;741.6;23.94;
2024-03-25 22:55:07;27.34;741.61;23.93;
2024-03-25 22:56:07;27.34;741.63;23.92;
2024-03-25 22:57:07;27.34;741.62;23.93;
2024-03-25 22:58:07;27.34;741.62;23.92;
2024-03-25 22:59:07;27.34;741.65;23.92;
2024-03-25 23:00:08;27.33;741.66;23.92;
2024-03-25 23:01:08;27.34;741.66;23.91;
2024-03-25 23:02:08;27.34;741.66;23.88;
2024-03-25 23:03:08;27.32;741.64;23.92;
2024-03-25 23:04:08;27.33;741.65;23.9;
2024-03-25 23:05:10;27.33;741.68;23.9;
2024-03-25 23:06:08;27.33;741.67;23.91;
2024-03-25 23:07:08;27.32;741.66;23.9;
2024-03-25 23:08:08;27.33;741.66;23.87;
2024-03-25 23:09:09;27.32;741.7;23.88;
2024-03-25 23:10:09;27.32;741.67;23.88;
2024-03-25 23:11:09;27.32;741.68;23.87;
2024-03-25 23:12:09;27.32;741.7;23.86;
2024-03-25 23:13:09;27.32;741.71;23.86;
2024-03-25 23:14:09;27.31;741.7;23.87;
2024-03-25 23:15:10;27.32;741.71;23.85;
2024-03-25 23:16:09;27.32;741.73;23.85;
2024-03-25 23:17:09;27.31;741.71;23.87;
2024-03-25 23:18:09;27.32;741.74;23.86;
2024-03-25 23:19:09;27.31;741.75;23.84;
2024-03-25 23:20:10;27.32;741.74;23.84;
2024-03-25 23:21:09;27.32;741.73;23.85;
2024-03-25 23:22:09;27.32;741.75;23.84;
2024-03-25 23:23:09;27.31;741.75;23.83;
2024-03-25 23:24:09;27.32;741.73;23.81;
2024-03-25 23:25:10;27.32;741.75;23.83;
2024-03-25 23:26:10;27.32;741.76;23.81;
2024-03-25 23:27:10;27.31;741.81;23.84;
2024-03-25 23:28:10;27.32;741.81;23.83;
2024-03-25 23:29:10;27.32;741.82;23.81;
2024-03-25 23:30:11;27.31;741.83;23.8;
2024-03-25 23:31:10;27.32;741.86;23.8;
2024-03-25 23:32:10;27.3;741.85;23.84;
2024-03-25 23:33:10;27.31;741.84;23.82;
2024-03-25 23:34:11;27.31;741.83;23.8;
2024-03-25 23:35:13;27.3;741.82;23.8;
2024-03-25 23:36:11;27.3;741.83;23.81;
2024-03-25 23:37:10;27.31;741.85;23.8;
2024-03-25 23:38:10;27.29;741.82;23.81;
2024-03-25 23:39:11;27.31;741.85;23.79;
2024-03-25 23:40:11;27.3;741.84;23.79;
2024-03-25 23:41:11;27.29;741.85;23.8;
2024-03-25 23:42:11;27.29;741.83;23.78;
2024-03-25 23:43:11;27.29;741.84;23.77;
2024-03-25 23:44:11;27.29;741.83;23.79;
